PassengerId,Survived,Pclass,Name,Sex,Age,SibSp,Parch,Ticket,Fare,Cabin,Embarked
846,0,3,"Abbing, Mr. Anthony",male,42.0,0,0,C.A. 5547,7.55,,S
634,0,1,"Parr, Mr. William Henry Marsh",male,,0,0,112052,0.0,,S
227,1,2,"Mellors, Mr. William John",male,19.0,0,0,SW/PP 751,10.5,,S
849,0,2,"Harper, Rev. John",male,28.0,0,1,248727,33.0,,S
665,1,3,"Lindqvist, Mr. Eino William",male,20.0,1,0,STON/O 2. 3101285,7.925,,S
716,0,3,"Soholt, Mr. Peter Andreas Lauritz Andersen",male,19.0,0,0,348124,7.65,F G73,S
316,1,3,"Nilsson, Miss. Helmina Josefina",female,26.0,0,0,347470,7.8542,,S
359,1,3,"McGovern, Miss. Mary",female,,0,0,330931,7.8792,,Q
783,0,1,"Long, Mr. Milton Clyde",male,29.0,0,0,113501,30.0,D6,S
341,1,2,"Navratil, Master. Edmond Roger",male,2.0,1,1,230080,26.0,F2,S
110,1,3,"Moran, Miss. Bertha",female,,1,0,371110,24.15,,Q
773,0,2,"Mack, Mrs. (Mary)",female,57.0,0,0,S.O./P.P. 3,10.5,E77,S
875,1,2,"Abelson, Mrs. Samuel (Hannah Wizosky)",female,28.0,1,0,P/PP 3381,24.0,,C
54,1,2,"Faunthorpe, Mrs. Lizzie (Elizabeth Anne Wilkinson)",female,29.0,1,0,2926,26.0,,S
171,0,1,"Van der hoef, Mr. Wyckoff",male,61.0,0,0,111240,33.5,B19,S
625,0,3,"Bowen, Mr. David John ""Dai""",male,21.0,0,0,54636,16.1,,S
729,0,2,"Bryhl, Mr. Kurt Arnold Gottfrid",male,25.0,1,0,236853,26.0,,S
107,1,3,"Salkjelsvik, Miss. Anna Kristine",female,21.0,0,0,343120,7.65,,S
268,1,3,"Persson, Mr. Ernst Ulrik",male,25.0,1,0,347083,7.775,,S
75,1,3,"Bing, Mr. Lee",male,32.0,0,0,1601,56.4958,,S
803,1,1,"Carter, Master. William Thornton II",male,11.0,1,2,113760,120.0,B96 B98,S
693,1,3,"Lam, Mr. Ali",male,,0,0,1601,56.4958,,S
859,1,3,"Baclini, Mrs. Solomon (Latifa Qurban)",female,24.0,0,3,2666,19.2583,,C
515,0,3,"Coleff, Mr. Satio",male,24.0,0,0,349209,7.4958,,S
638,0,2,"Collyer, Mr. Harvey",male,31.0,1,1,C.A. 31921,26.25,,S
433,1,2,"Louch, Mrs. Charles Alexander (Alice Adelaide Slow)",female,42.0,1,0,SC/AH 3085,26.0,,S
185,1,3,"Kink-Heilmann, Miss. Luise Gretchen",female,4.0,0,2,315153,22.025,,S
533,0,3,"Elias, Mr. Joseph Jr",male,17.0,1,1,2690,7.2292,,C
724,0,2,"Hodges, Mr. Henry Price",male,50.0,0,0,250643,13.0,,S
781,1,3,"Ayoub, Miss. Banoura",female,13.0,0,0,2687,7.2292,,C
112,0,3,"Zabour, Miss. Hileni",female,14.5,1,0,2665,14.4542,,C
880,1,1,"Potter, Mrs. Thomas Jr (Lily Alexenia Wilson)",female,56.0,0,1,11767,83.1583,C50,C
190,0,3,"Turcin, Mr. Stjepan",male,36.0,0,0,349247,7.8958,,S
792,0,2,"Gaskell, Mr. Alfred",male,16.0,0,0,239865,26.0,,S
735,0,2,"Troupiansky, Mr. Moses Aaron",male,23.0,0,0,233639,13.0,,S
148,0,3,"Ford, Miss. Robina Maggie ""Ruby""",female,9.0,2,2,W./C. 6608,34.375,,S
610,1,1,"Shutes, Miss. Elizabeth W",female,40.0,0,0,PC 17582,153.4625,C125,S
383,0,3,"Tikkanen, Mr. Juho",male,32.0,0,0,STON/O 2. 3101293,7.925,,S
607,0,3,"Karaic, Mr. Milan",male,30.0,0,0,349246,7.8958,,S
429,0,3,"Flynn, Mr. James",male,,0,0,364851,7.75,,Q
568,0,3,"Palsson, Mrs. Nils (Alma Cornelia Berglund)",female,29.0,0,4,349909,21.075,,S
244,0,3,"Maenpaa, Mr. Matti Alexanteri",male,22.0,0,0,STON/O 2. 3101275,7.125,,S
92,0,3,"Andreasson, Mr. Paul Edvin",male,20.0,0,0,347466,7.8542,,S
718,1,2,"Troutt, Miss. Edwina Celia ""Winnie""",female,27.0,0,0,34218,10.5,E101,S
569,0,3,"Doharr, Mr. Tannous",male,,0,0,2686,7.2292,,C
856,1,3,"Aks, Mrs. Sam (Leah Rosen)",female,18.0,0,1,392091,9.35,,S
821,1,1,"Hays, Mrs. Charles Melville (Clara Jennings Gregg)",female,52.0,1,1,12749,93.5,B69,S
869,0,3,"van Melkebeke, Mr. Philemon",male,,0,0,345777,9.5,,S
704,0,3,"Gallagher, Mr. Martin",male,25.0,0,0,36864,7.7417,,Q
606,0,3,"Lindell, Mr. Edvard Bengtsson",male,36.0,1,0,349910,15.55,,S
188,1,1,"Romaine, Mr. Charles Hallace (""Mr C Rolmane"")",male,45.0,0,0,111428,26.55,,S
51,0,3,"Panula, Master. Juha Niilo",male,7.0,4,1,3101295,39.6875,,S
486,0,3,"Lefebre, Miss. Jeannie",female,,3,1,4133,25.4667,,S
63,0,1,"Harris, Mr. Henry Birkhardt",male,45.0,1,0,36973,83.475,C83,S
462,0,3,"Morley, Mr. William",male,34.0,0,0,364506,8.05,,S
254,0,3,"Lobb, Mr. William Arthur",male,30.0,1,0,A/5. 3336,16.1,,S
839,1,3,"Chip, Mr. Chang",male,32.0,0,0,1601,56.4958,,S
641,0,3,"Jensen, Mr. Hans Peder",male,20.0,0,0,350050,7.8542,,S
679,0,3,"Goodwin, Mrs. Frederick (Augusta Tyler)",female,43.0,1,6,CA 2144,46.9,,S
231,1,1,"Harris, Mrs. Henry Birkhardt (Irene Wallach)",female,35.0,1,0,36973,83.475,C83,S
292,1,1,"Bishop, Mrs. Dickinson H (Helen Walton)",female,19.0,1,0,11967,91.0792,B49,C
217,1,3,"Honkanen, Miss. Eliina",female,27.0,0,0,STON/O2. 3101283,7.925,,S
747,0,3,"Abbott, Mr. Rossmore Edward",male,16.0,1,1,C.A. 2673,20.25,,S
420,0,3,"Van Impe, Miss. Catharina",female,10.0,0,2,345773,24.15,,S
356,0,3,"Vanden Steen, Mr. Leo Peter",male,28.0,0,0,345783,9.5,,S
248,1,2,"Hamalainen, Mrs. William (Anna)",female,24.0,0,2,250649,14.5,,S
295,0,3,"Mineff, Mr. Ivan",male,24.0,0,0,349233,7.8958,,S
308,1,1,"Penasco y Castellana, Mrs. Victor de Satode (Maria Josefa Perez de Soto y Vallejo)",female,17.0,1,0,PC 17758,108.9,C65,C
98,1,1,"Greenfield, Mr. William Bertram",male,23.0,0,1,PC 17759,63.3583,D10 D12,C
251,0,3,"Reed, Mr. James George",male,,0,0,362316,7.25,,S
550,1,2,"Davies, Master. John Morgan Jr",male,8.0,1,1,C.A. 33112,36.75,,S
605,1,1,"Homer, Mr. Harry (""Mr E Haven"")",male,35.0,0,0,111426,26.55,,C
407,0,3,"Widegren, Mr. Carl/Charles Peter",male,51.0,0,0,347064,7.75,,S
765,0,3,"Eklund, Mr. Hans Linus",male,16.0,0,0,347074,7.775,,S
510,1,3,"Lang, Mr. Fang",male,26.0,0,0,1601,56.4958,,S
393,0,3,"Gustafsson, Mr. Johan Birger",male,28.0,2,0,3101277,7.925,,S
519,1,2,"Angle, Mrs. William A (Florence ""Mary"" Agnes Hughes)",female,36.0,1,0,226875,26.0,,S
623,1,3,"Nakid, Mr. Sahid",male,20.0,1,1,2653,15.7417,,C
636,1,2,"Davis, Miss. Mary",female,28.0,0,0,237668,13.0,,S
219,1,1,"Bazzani, Miss. Albina",female,32.0,0,0,11813,76.2917,D15,C
816,0,1,"Fry, Mr. Richard",male,,0,0,112058,0.0,B102,S
196,1,1,"Lurette, Miss. Elise",female,58.0,0,0,PC 17569,146.5208,B80,C
56,1,1,"Woolner, Mr. Hugh",male,,0,0,19947,35.5,C52,S
417,1,2,"Drew, Mrs. James Vivian (Lulu Thorne Christian)",female,34.0,1,1,28220,32.5,,S
361,0,3,"Skoog, Mr. Wilhelm",male,40.0,1,4,347088,27.9,,S
102,0,3,"Petroff, Mr. Pastcho (""Pentcho"")",male,,0,0,349215,7.8958,,S
808,0,3,"Pettersson, Miss. Ellen Natalia",female,18.0,0,0,347087,7.775,,S
26,1,3,"Asplund, Mrs. Carl Oscar (Selma Augusta Emilia Johansson)",female,38.0,1,5,347077,31.3875,,S
629,0,3,"Bostandyeff, Mr. Guentcho",male,26.0,0,0,349224,7.8958,,S
862,0,2,"Giles, Mr. Frederick Edward",male,21.0,1,0,28134,11.5,,S
668,0,3,"Rommetvedt, Mr. Knud Paust",male,,0,0,312993,7.775,,S
459,1,2,"Toomey, Miss. Ellen",female,50.0,0,0,F.C.C. 13531,10.5,,S
19,0,3,"Vander Planke, Mrs. Julius (Emelia Maria Vandemoortele)",female,31.0,1,0,345763,18.0,,S
277,0,3,"Lindblom, Miss. Augusta Charlotta",female,45.0,0,0,347073,7.75,,S
476,0,1,"Clifford, Mr. George Quincy",male,,0,0,110465,52.0,A14,S
245,0,3,"Attalah, Mr. Sleiman",male,30.0,0,0,2694,7.225,,C
52,0,3,"Nosworthy, Mr. Richard Cater",male,21.0,0,0,A/4. 39886,7.8,,S
675,0,2,"Watson, Mr. Ennis Hastings",male,,0,0,239856,0.0,,S
710,1,3,"Moubarek, Master. Halim Gonios (""William George"")",male,,1,1,2661,15.2458,,C
17,0,3,"Rice, Master. Eugene",male,2.0,4,1,382652,29.125,,Q
140,0,1,"Giglio, Mr. Victor",male,24.0,0,0,PC 17593,79.2,B86,C
643,0,3,"Skoog, Miss. Margit Elizabeth",female,2.0,3,2,347088,27.9,,S
546,0,1,"Nicholson, Mr. Arthur Ernest",male,64.0,0,0,693,26.0,,S
350,0,3,"Dimic, Mr. Jovan",male,42.0,0,0,315088,8.6625,,S
252,0,3,"Strom, Mrs. Wilhelm (Elna Matilda Persson)",female,29.0,1,1,347054,10.4625,G6,S
213,0,3,"Perkin, Mr. John Henry",male,22.0,0,0,A/5 21174,7.25,,S
593,0,3,"Elsbury, Mr. William James",male,47.0,0,0,A/5 3902,7.25,,S
296,0,1,"Lewy, Mr. Ervin G",male,,0,0,PC 17612,27.7208,,C
183,0,3,"Asplund, Master. Clarence Gustaf Hugo",male,9.0,4,2,347077,31.3875,,S
267,0,3,"Panula, Mr. Ernesti Arvid",male,16.0,4,1,3101295,39.6875,,S
618,0,3,"Lobb, Mrs. William Arthur (Cordelia K Stanlick)",female,26.0,1,0,A/5. 3336,16.1,,S
596,0,3,"Van Impe, Mr. Jean Baptiste",male,36.0,1,1,345773,24.15,,S
399,0,2,"Pain, Dr. Alfred",male,23.0,0,0,244278,10.5,,S
685,0,2,"Brown, Mr. Thomas William Solomon",male,60.0,1,1,29750,39.0,,S
345,0,2,"Fox, Mr. Stanley Hubert",male,36.0,0,0,229236,13.0,,S
255,0,3,"Rosblom, Mrs. Viktor (Helena Wilhelmina)",female,41.0,0,2,370129,20.2125,,S
809,0,2,"Meyer, Mr. August",male,39.0,0,0,248723,13.0,,S
815,0,3,"Tomlin, Mr. Ernest Portage",male,30.5,0,0,364499,8.05,,S
799,0,3,"Ibrahim Shawah, Mr. Yousseff",male,30.0,0,0,2685,7.2292,,C
7,0,1,"McCarthy, Mr. Timothy J",male,54.0,0,0,17463,51.8625,E46,S
61,0,3,"Sirayanian, Mr. Orsen",male,22.0,0,0,2669,7.2292,,C
836,1,1,"Compton, Miss. Sara Rebecca",female,39.0,1,1,PC 17756,83.1583,E49,C
337,0,1,"Pears, Mr. Thomas Clinton",male,29.0,1,0,113776,66.6,C2,S
575,0,3,"Rush, Mr. Alfred George John",male,16.0,0,0,A/4. 20589,8.05,,S
791,0,3,"Keane, Mr. Andrew ""Andy""",male,,0,0,12460,7.75,,Q
318,0,2,"Moraweck, Dr. Ernest",male,54.0,0,0,29011,14.0,,S
547,1,2,"Beane, Mrs. Edward (Ethel Clarke)",female,19.0,1,0,2908,26.0,,S
853,0,3,"Boulos, Miss. Nourelain",female,9.0,1,1,2678,15.2458,,C
152,1,1,"Pears, Mrs. Thomas (Edith Wearne)",female,22.0,1,0,113776,66.6,C2,S
822,1,3,"Lulic, Mr. Nikola",male,27.0,0,0,315098,8.6625,,S
205,1,3,"Cohen, Mr. Gurshon ""Gus""",male,18.0,0,0,A/5 3540,8.05,,S
46,0,3,"Rogers, Mr. William John",male,,0,0,S.C./A.4. 23567,8.05,,S
463,0,1,"Gee, Mr. Arthur H",male,47.0,0,0,111320,38.5,E63,S
564,0,3,"Simmons, Mr. John",male,,0,0,SOTON/OQ 392082,8.05,,S
90,0,3,"Celotti, Mr. Francesco",male,24.0,0,0,343275,8.05,,S
242,1,3,"Murphy, Miss. Katherine ""Kate""",female,,1,0,367230,15.5,,Q
669,0,3,"Cook, Mr. Jacob",male,43.0,0,0,A/5 3536,8.05,,S
378,0,1,"Widener, Mr. Harry Elkins",male,27.0,0,2,113503,211.5,C82,C
436,1,1,"Carter, Miss. Lucile Polk",female,14.0,1,2,113760,120.0,B96 B98,S
589,0,3,"Gilinski, Mr. Eliezer",male,22.0,0,0,14973,8.05,,S
674,1,2,"Wilhelms, Mr. Charles",male,31.0,0,0,244270,13.0,,S
365,0,3,"O'Brien, Mr. Thomas",male,,1,0,370365,15.5,,Q
413,1,1,"Minahan, Miss. Daisy E",female,33.0,1,0,19928,90.0,C78,Q
760,1,1,"Rothes, the Countess. of (Lucy Noel Martha Dyer-Edwards)",female,33.0,0,0,110152,86.5,B77,S
795,0,3,"Dantcheff, Mr. Ristiu",male,25.0,0,0,349203,7.8958,,S
103,0,1,"White, Mr. Richard Frasar",male,21.0,0,1,35281,77.2875,D26,S
877,0,3,"Gustafsson, Mr. Alfred Ossian",male,20.0,0,0,7534,9.8458,,S
439,0,1,"Fortune, Mr. Mark",male,64.0,1,4,19950,263.0,C23 C25 C27,S
16,1,2,"Hewlett, Mrs. (Mary D Kingcome) ",female,55.0,0,0,248706,16.0,,S
40,1,3,"Nicola-Yarred, Miss. Jamila",female,14.0,1,0,2651,11.2417,,C
690,1,1,"Madill, Miss. Georgette Alexandra",female,15.0,0,1,24160,211.3375,B5,S
349,1,3,"Coutts, Master. William Loch ""William""",male,3.0,1,1,C.A. 37671,15.9,,S
755,1,2,"Herman, Mrs. Samuel (Jane Laver)",female,48.0,1,2,220845,65.0,,S
876,1,3,"Najib, Miss. Adele Kiamie ""Jane""",female,15.0,0,0,2667,7.225,,C
169,0,1,"Baumann, Mr. John D",male,,0,0,PC 17318,25.925,,S
592,1,1,"Stephenson, Mrs. Walter Bertram (Martha Eustis)",female,52.0,1,0,36947,78.2667,D20,C
496,0,3,"Yousseff, Mr. Gerious",male,,0,0,2627,14.4583,,C
566,0,3,"Davies, Mr. Alfred J",male,24.0,2,0,A/4 48871,24.15,,S
727,1,2,"Renouf, Mrs. Peter Henry (Lillian Jefferys)",female,30.0,3,0,31027,21.0,,S
182,0,2,"Pernot, Mr. Rene",male,,0,0,SC/PARIS 2131,15.05,,C
573,1,1,"Flynn, Mr. John Irwin (""Irving"")",male,36.0,0,0,PC 17474,26.3875,E25,S
766,1,1,"Hogeboom, Mrs. John C (Anna Andrews)",female,51.0,1,0,13502,77.9583,D11,S
470,1,3,"Baclini, Miss. Helene Barbara",female,0.75,2,1,2666,19.2583,,C
571,1,2,"Harris, Mr. George",male,62.0,0,0,S.W./PP 752,10.5,,S
360,1,3,"Mockler, Miss. Helen Mary ""Ellie""",female,,0,0,330980,7.8792,,Q
802,1,2,"Collyer, Mrs. Harvey (Charlotte Annie Tate)",female,31.0,1,1,C.A. 31921,26.25,,S
83,1,3,"McDermott, Miss. Brigdet Delia",female,,0,0,330932,7.7875,,Q
346,1,2,"Brown, Miss. Amelia ""Mildred""",female,24.0,0,0,248733,13.0,F33,S
37,1,3,"Mamee, Mr. Hanna",male,,0,0,2677,7.2292,,C
597,1,2,"Leitch, Miss. Jessie Wills",female,,0,0,248727,33.0,,S
885,0,3,"Sutehall, Mr. Henry Jr",male,25.0,0,0,SOTON/OQ 392076,7.05,,S
55,0,1,"Ostby, Mr. Engelhart Cornelius",male,65.0,0,1,113509,61.9792,B30,C
860,0,3,"Razi, Mr. Raihed",male,,0,0,2629,7.2292,,C
353,0,3,"Elias, Mr. Tannous",male,15.0,1,1,2695,7.2292,,C
556,0,1,"Wright, Mr. George",male,62.0,0,0,113807,26.55,,S
301,1,3,"Kelly, Miss. Anna Katherine ""Annie Kate""",female,,0,0,9234,7.75,,Q
752,1,3,"Moor, Master. Meier",male,6.0,0,1,392096,12.475,E121,S
874,0,3,"Vander Cruyssen, Mr. Victor",male,47.0,0,0,345765,9.0,,S
180,0,3,"Leonard, Mr. Lionel",male,36.0,0,0,LINE,0.0,,S
175,0,1,"Smith, Mr. James Clinch",male,56.0,0,0,17764,30.6958,A7,C
707,1,2,"Kelly, Mrs. Florence ""Fannie""",female,45.0,0,0,223596,13.5,,S
124,1,2,"Webber, Miss. Susan",female,32.5,0,0,27267,13.0,E101,S
443,0,3,"Petterson, Mr. Johan Emil",male,25.0,1,0,347076,7.775,,S
266,0,2,"Reeves, Mr. David",male,36.0,0,0,C.A. 17248,10.5,,S
261,0,3,"Smith, Mr. Thomas",male,,0,0,384461,7.75,,Q
201,0,3,"Vande Walle, Mr. Nestor Cyriel",male,28.0,0,0,345770,9.5,,S
62,1,1,"Icard, Miss. Amelie",female,38.0,0,0,113572,80.0,B28,
617,0,3,"Danbom, Mr. Ernst Gilbert",male,34.0,1,1,347080,14.4,,S
447,1,2,"Mellinger, Miss. Madeleine Violet",female,13.0,0,1,250644,19.5,,S
369,1,3,"Jermyn, Miss. Annie",female,,0,0,14313,7.75,,Q
512,0,3,"Webber, Mr. James",male,,0,0,SOTON/OQ 3101316,8.05,,S
402,0,3,"Adams, Mr. John",male,26.0,0,0,341826,8.05,,S
534,1,3,"Peter, Mrs. Catherine (Catherine Rizk)",female,,0,2,2668,22.3583,,C
659,0,2,"Eitemiller, Mr. George Floyd",male,23.0,0,0,29751,13.0,,S
732,0,3,"Hassan, Mr. Houssein G N",male,11.0,0,0,2699,18.7875,,C
472,0,3,"Cacic, Mr. Luka",male,38.0,0,0,315089,8.6625,,S
681,0,3,"Peters, Miss. Katie",female,,0,0,330935,8.1375,,Q
848,0,3,"Markoff, Mr. Marin",male,35.0,0,0,349213,7.8958,,C
728,1,3,"Mannion, Miss. Margareth",female,,0,0,36866,7.7375,,Q
113,0,3,"Barton, Mr. David John",male,22.0,0,0,324669,8.05,,S
671,1,2,"Brown, Mrs. Thomas William Solomon (Elizabeth Catherine Ford)",female,40.0,1,1,29750,39.0,,S
602,0,3,"Slabenoff, Mr. Petco",male,,0,0,349214,7.8958,,S
64,0,3,"Skoog, Master. Harald",male,4.0,3,2,347088,27.9,,S
81,0,3,"Waelens, Mr. Achille",male,22.0,0,0,345767,9.0,,S
847,0,3,"Sage, Mr. Douglas Bullen",male,,8,2,CA. 2343,69.55,,S
256,1,3,"Touma, Mrs. Darwis (Hanne Youssef Razi)",female,29.0,0,2,2650,15.2458,,C
78,0,3,"Moutal, Mr. Rahamin Haim",male,,0,0,374746,8.05,,S
35,0,1,"Meyer, Mr. Edgar Joseph",male,28.0,1,0,PC 17604,82.1708,,C
165,0,3,"Panula, Master. Eino Viljami",male,1.0,4,1,3101295,39.6875,,S
722,0,3,"Jensen, Mr. Svend Lauritz",male,17.0,1,0,350048,7.0542,,S
509,0,3,"Olsen, Mr. Henry Margido",male,28.0,0,0,C 4001,22.525,,S
13,0,3,"Saundercock, Mr. William Henry",male,20.0,0,0,A/5. 2151,8.05,,S
715,0,2,"Greenberg, Mr. Samuel",male,52.0,0,0,250647,13.0,,S
449,1,3,"Baclini, Miss. Marie Catherine",female,5.0,2,1,2666,19.2583,,C
168,0,3,"Skoog, Mrs. William (Anna Bernhardina Karlsson)",female,45.0,1,4,347088,27.9,,S
524,1,1,"Hippach, Mrs. Louis Albert (Ida Sophia Fischer)",female,44.0,0,1,111361,57.9792,B18,C
212,1,2,"Cameron, Miss. Clear Annie",female,35.0,0,0,F.C.C. 13528,21.0,,S
667,0,2,"Butler, Mr. Reginald Fenton",male,25.0,0,0,234686,13.0,,S
683,0,3,"Olsvigen, Mr. Thor Anderson",male,20.0,0,0,6563,9.225,,S
501,0,3,"Calic, Mr. Petar",male,17.0,0,0,315086,8.6625,,S
153,0,3,"Meo, Mr. Alfonzo",male,55.5,0,0,A.5. 11206,8.05,,S
687,0,3,"Panula, Mr. Jaako Arnold",male,14.0,4,1,3101295,39.6875,,S
865,0,2,"Gill, Mr. John William",male,24.0,0,0,233866,13.0,,S
276,1,1,"Andrews, Miss. Kornelia Theodosia",female,63.0,1,0,13502,77.9583,D7,S
532,0,3,"Toufik, Mr. Nakli",male,,0,0,2641,7.2292,,C
744,0,3,"McNamee, Mr. Neal",male,24.0,1,0,376566,16.1,,S
639,0,3,"Panula, Mrs. Juha (Maria Emilia Ojala)",female,41.0,0,5,3101295,39.6875,,S
283,0,3,"de Pelsmaeker, Mr. Alfons",male,16.0,0,0,345778,9.5,,S
627,0,2,"Kirkland, Rev. Charles Leonard",male,57.0,0,0,219533,12.35,,Q
557,1,1,"Duff Gordon, Lady. (Lucille Christiana Sutherland) (""Mrs Morgan"")",female,48.0,1,0,11755,39.6,A16,C
419,0,2,"Matthews, Mr. William John",male,30.0,0,0,28228,13.0,,S
400,1,2,"Trout, Mrs. William H (Jessie L)",female,28.0,0,0,240929,12.65,,S
162,1,2,"Watt, Mrs. James (Elizabeth ""Bessie"" Inglis Milne)",female,40.0,0,0,C.A. 33595,15.75,,S
366,0,3,"Adahl, Mr. Mauritz Nils Martin",male,30.0,0,0,C 7076,7.25,,S
199,1,3,"Madigan, Miss. Margaret ""Maggie""",female,,0,0,370370,7.75,,Q
4,1,1,"Futrelle, Mrs. Jacques Heath (Lily May Peel)",female,35.0,1,0,113803,53.1,C123,S
889,0,3,"Johnston, Miss. Catherine Helen ""Carrie""",female,,1,2,W./C. 6607,23.45,,S
871,0,3,"Balkic, Mr. Cerin",male,26.0,0,0,349248,7.8958,,S
178,0,1,"Isham, Miss. Ann Elizabeth",female,50.0,0,0,PC 17595,28.7125,C49,C
761,0,3,"Garfirth, Mr. John",male,,0,0,358585,14.5,,S
411,0,3,"Sdycoff, Mr. Todor",male,,0,0,349222,7.8958,,S
530,0,2,"Hocking, Mr. Richard George",male,23.0,2,1,29104,11.5,,S
293,0,2,"Levy, Mr. Rene Jacques",male,36.0,0,0,SC/Paris 2163,12.875,D,C
310,1,1,"Francatelli, Miss. Laura Mabel",female,30.0,0,0,PC 17485,56.9292,E36,C
309,0,2,"Abelson, Mr. Samuel",male,30.0,1,0,P/PP 3381,24.0,,C
354,0,3,"Arnold-Franchi, Mr. Josef",male,25.0,1,0,349237,17.8,,S
247,0,3,"Lindahl, Miss. Agda Thorilda Viktoria",female,25.0,0,0,347071,7.775,,S
294,0,3,"Haas, Miss. Aloisia",female,24.0,0,0,349236,8.85,,S
832,1,2,"Richards, Master. George Sibley",male,0.83,1,1,29106,18.75,,S
725,1,1,"Chambers, Mr. Norman Campbell",male,27.0,1,0,113806,53.1,E8,S
494,0,1,"Artagaveytia, Mr. Ramon",male,71.0,0,0,PC 17609,49.5042,,C
826,0,3,"Flynn, Mr. John",male,,0,0,368323,6.95,,Q
789,1,3,"Dean, Master. Bertram Vere",male,1.0,1,2,C.A. 2315,20.575,,S
271,0,1,"Cairns, Mr. Alexander",male,,0,0,113798,31.0,,S
347,1,2,"Smith, Miss. Marion Elsie",female,40.0,0,0,31418,13.0,,S
437,0,3,"Ford, Miss. Doolina Margaret ""Daisy""",female,21.0,2,2,W./C. 6608,34.375,,S
824,1,3,"Moor, Mrs. (Beila)",female,27.0,0,1,392096,12.475,E121,S
749,0,1,"Marvin, Mr. Daniel Warner",male,19.0,1,0,113773,53.1,D30,S
403,0,3,"Jussila, Miss. Mari Aina",female,21.0,1,0,4137,9.825,,S
155,0,3,"Olsen, Mr. Ole Martin",male,,0,0,Fa 265302,7.3125,,S
522,0,3,"Vovk, Mr. Janko",male,22.0,0,0,349252,7.8958,,S
108,1,3,"Moss, Mr. Albert Johan",male,,0,0,312991,7.775,,S
131,0,3,"Drazenoic, Mr. Jozef",male,33.0,0,0,349241,7.8958,,C
489,0,3,"Somerton, Mr. Francis William",male,30.0,0,0,A.5. 18509,8.05,,S
645,1,3,"Baclini, Miss. Eugenie",female,0.75,2,1,2666,19.2583,,C
1,0,3,"Braund, Mr. Owen Harris",male,22.0,1,0,A/5 21171,7.25,,S
738,1,1,"Lesurer, Mr. Gustave J",male,35.0,0,0,PC 17755,512.3292,B101,C
194,1,2,"Navratil, Master. Michel M",male,3.0,1,1,230080,26.0,F2,S
451,0,2,"West, Mr. Edwy Arthur",male,36.0,1,2,C.A. 34651,27.75,,S
746,0,1,"Crosby, Capt. Edward Gifford",male,70.0,1,1,WE/P 5735,71.0,B22,S
344,0,2,"Sedgwick, Mr. Charles Frederick Waddington",male,25.0,0,0,244361,13.0,,S
38,0,3,"Cann, Mr. Ernest Charles",male,21.0,0,0,A./5. 2152,8.05,,S
280,1,3,"Abbott, Mrs. Stanton (Rosa Hunt)",female,35.0,1,1,C.A. 2673,20.25,,S
631,1,1,"Barkworth, Mr. Algernon Henry Wilson",male,80.0,0,0,27042,30.0,A23,S
513,1,1,"McGough, Mr. James Robert",male,36.0,0,0,PC 17473,26.2875,E25,S
503,0,3,"O'Sullivan, Miss. Bridget Mary",female,,0,0,330909,7.6292,,Q
779,0,3,"Kilgannon, Mr. Thomas J",male,,0,0,36865,7.7375,,Q
58,0,3,"Novel, Mr. Mansouer",male,28.5,0,0,2697,7.2292,,C
216,1,1,"Newell, Miss. Madeleine",female,31.0,1,0,35273,113.275,D36,C
583,0,2,"Downton, Mr. William James",male,54.0,0,0,28403,26.0,,S
133,0,3,"Robins, Mrs. Alexander A (Grace Charity Laury)",female,47.0,1,0,A/5. 3337,14.5,,S
670,1,1,"Taylor, Mrs. Elmer Zebley (Juliet Cummins Wright)",female,,1,0,19996,52.0,C126,S
544,1,2,"Beane, Mr. Edward",male,32.0,1,0,2908,26.0,,S
450,1,1,"Peuchen, Major. Arthur Godfrey",male,52.0,0,0,113786,30.5,C104,S
240,0,2,"Hunt, Mr. George Henry",male,33.0,0,0,SCO/W 1585,12.275,,S
543,0,3,"Andersson, Miss. Sigrid Elisabeth",female,11.0,4,2,347082,31.275,,S
326,1,1,"Young, Miss. Marie Grice",female,36.0,0,0,PC 17760,135.6333,C32,C
11,1,3,"Sandstrom, Miss. Marguerite Rut",female,4.0,1,1,PP 9549,16.7,G6,S
351,0,3,"Odahl, Mr. Nils Martin",male,23.0,0,0,7267,9.225,,S
220,0,2,"Harris, Mr. Walter",male,30.0,0,0,W/C 14208,10.5,,S
829,1,3,"McCormack, Mr. Thomas Joseph",male,,0,0,367228,7.75,,Q
250,0,2,"Carter, Rev. Ernest Courtenay",male,54.0,1,0,244252,26.0,,S
699,0,1,"Thayer, Mr. John Borland",male,49.0,1,1,17421,110.8833,C68,C
208,1,3,"Albimona, Mr. Nassef Cassem",male,26.0,0,0,2699,18.7875,,C
660,0,1,"Newell, Mr. Arthur Webster",male,58.0,0,2,35273,113.275,D48,C
166,1,3,"Goldsmith, Master. Frank John William ""Frankie""",male,9.0,0,2,363291,20.525,,S
59,1,2,"West, Miss. Constance Mirium",female,5.0,1,2,C.A. 34651,27.75,,S
467,0,2,"Campbell, Mr. William",male,,0,0,239853,0.0,,S
785,0,3,"Ali, Mr. William",male,25.0,0,0,SOTON/O.Q. 3101312,7.05,,S
25,0,3,"Palsson, Miss. Torborg Danira",female,8.0,3,1,349909,21.075,,S
119,0,1,"Baxter, Mr. Quigg Edmond",male,24.0,0,1,PC 17558,247.5208,B58 B60,C
44,1,2,"Laroche, Miss. Simonne Marie Anne Andree",female,3.0,1,2,SC/Paris 2123,41.5792,,C
857,1,1,"Wick, Mrs. George Dennick (Mary Hitchcock)",female,45.0,1,1,36928,164.8667,,S
616,1,2,"Herman, Miss. Alice",female,24.0,1,2,220845,65.0,,S
198,0,3,"Olsen, Mr. Karl Siegwart Andreas",male,42.0,0,1,4579,8.4042,,S
235,0,2,"Leyson, Mr. Robert William Norman",male,24.0,0,0,C.A. 29566,10.5,,S
14,0,3,"Andersson, Mr. Anders Johan",male,39.0,1,5,347082,31.275,,S
621,0,3,"Yasbeck, Mr. Antoni",male,27.0,1,0,2659,14.4542,,C
223,0,3,"Green, Mr. George Henry",male,51.0,0,0,21440,8.05,,S
432,1,3,"Thorneycroft, Mrs. Percival (Florence Kate White)",female,,1,0,376564,16.1,,S
500,0,3,"Svensson, Mr. Olof",male,24.0,0,0,350035,7.7958,,S
259,1,1,"Ward, Miss. Anna",female,35.0,0,0,PC 17755,512.3292,,C
656,0,2,"Hickman, Mr. Leonard Mark",male,24.0,2,0,S.O.C. 14879,73.5,,S
750,0,3,"Connaghton, Mr. Michael",male,31.0,0,0,335097,7.75,,Q
666,0,2,"Hickman, Mr. Lewis",male,32.0,2,0,S.O.C. 14879,73.5,,S
599,0,3,"Boulos, Mr. Hanna",male,,0,0,2664,7.225,,C
565,0,3,"Meanwell, Miss. (Marion Ogden)",female,,0,0,SOTON/O.Q. 392087,8.05,,S
866,1,2,"Bystrom, Mrs. (Karolina)",female,42.0,0,0,236852,13.0,,S
233,0,2,"Sjostedt, Mr. Ernst Adolf",male,59.0,0,0,237442,13.5,,S
554,1,3,"Leeni, Mr. Fahim (""Philip Zenni"")",male,22.0,0,0,2620,7.225,,C
141,0,3,"Boulos, Mrs. Joseph (Sultana)",female,,0,2,2678,15.2458,,C
640,0,3,"Thorneycroft, Mr. Percival",male,,1,0,376564,16.1,,S
117,0,3,"Connors, Mr. Patrick",male,70.5,0,0,370369,7.75,,Q
210,1,1,"Blank, Mr. Henry",male,40.0,0,0,112277,31.0,A31,C
768,0,3,"Mangan, Miss. Mary",female,30.5,0,0,364850,7.75,,Q
421,0,3,"Gheorgheff, Mr. Stanio",male,,0,0,349254,7.8958,,C
385,0,3,"Plotcharsky, Mr. Vasil",male,,0,0,349227,7.8958,,S
69,1,3,"Andersson, Miss. Erna Alexandra",female,17.0,4,2,3101281,7.925,,S
229,0,2,"Fahlstrom, Mr. Arne Jonas",male,18.0,0,0,236171,13.0,,S
53,1,1,"Harper, Mrs. Henry Sleeper (Myna Haxtun)",female,49.0,1,0,PC 17572,76.7292,D33,C
663,0,1,"Colley, Mr. Edward Pomeroy",male,47.0,0,0,5727,25.5875,E58,S
613,1,3,"Murphy, Miss. Margaret Jane",female,,1,0,367230,15.5,,Q
225,1,1,"Hoyt, Mr. Frederick Maxfield",male,38.0,1,0,19943,90.0,C93,S
830,1,1,"Stone, Mrs. George Nelson (Martha Evelyn)",female,62.0,0,0,113572,80.0,B28,
234,1,3,"Asplund, Miss. Lillian Gertrud",female,5.0,4,2,347077,31.3875,,S
24,1,1,"Sloper, Mr. William Thompson",male,28.0,0,0,113788,35.5,A6,S
757,0,3,"Carlsson, Mr. August Sigfrid",male,28.0,0,0,350042,7.7958,,S
74,0,3,"Chronopoulos, Mr. Apostolos",male,26.0,1,0,2680,14.4542,,C
672,0,1,"Davidson, Mr. Thornton",male,31.0,1,0,F.C. 12750,52.0,B71,S
197,0,3,"Mernagh, Mr. Robert",male,,0,0,368703,7.75,,Q
740,0,3,"Nankoff, Mr. Minko",male,,0,0,349218,7.8958,,S
562,0,3,"Sivic, Mr. Husein",male,40.0,0,0,349251,7.8958,,S
770,0,3,"Gronnestad, Mr. Daniel Danielsen",male,32.0,0,0,8471,8.3625,,S
480,1,3,"Hirvonen, Miss. Hildur E",female,2.0,0,1,3101298,12.2875,,S
95,0,3,"Coxon, Mr. Daniel",male,59.0,0,0,364500,7.25,,S
555,1,3,"Ohman, Miss. Velin",female,22.0,0,0,347085,7.775,,S
94,0,3,"Dean, Mr. Bertram Frank",male,26.0,1,2,C.A. 2315,20.575,,S
286,0,3,"Stankovic, Mr. Ivan",male,33.0,0,0,349239,8.6625,,C
275,1,3,"Healy, Miss. Hanora ""Nora""",female,,0,0,370375,7.75,,Q
126,1,3,"Nicola-Yarred, Master. Elias",male,12.0,1,0,2651,11.2417,,C
827,0,3,"Lam, Mr. Len",male,,0,0,1601,56.4958,,S
440,0,2,"Kvillner, Mr. Johan Henrik Johannesson",male,31.0,0,0,C.A. 18723,10.5,,S
465,0,3,"Maisner, Mr. Simon",male,,0,0,A/S 2816,8.05,,S
819,0,3,"Holm, Mr. John Fredrik Alexander",male,43.0,0,0,C 7075,6.45,,S
711,1,1,"Mayne, Mlle. Berthe Antonine (""Mrs de Villiers"")",female,24.0,0,0,PC 17482,49.5042,C90,C
45,1,3,"Devaney, Miss. Margaret Delia",female,19.0,0,0,330958,7.8792,,Q
376,1,1,"Meyer, Mrs. Edgar Joseph (Leila Saks)",female,,1,0,PC 17604,82.1708,,C
428,1,2,"Phillips, Miss. Kate Florence (""Mrs Kate Louise Phillips Marshall"")",female,19.0,0,0,250655,26.0,,S
588,1,1,"Frolicher-Stehli, Mr. Maxmillian",male,60.0,1,1,13567,79.2,B41,C
505,1,1,"Maioni, Miss. Roberta",female,16.0,0,0,110152,86.5,B79,S
321,0,3,"Dennis, Mr. Samuel",male,22.0,0,0,A/5 21172,7.25,,S
734,0,2,"Berriman, Mr. William John",male,23.0,0,0,28425,13.0,,S
586,1,1,"Taussig, Miss. Ruth",female,18.0,0,2,110413,79.65,E68,S
263,0,1,"Taussig, Mr. Emil",male,52.0,1,1,110413,79.65,E67,S
176,0,3,"Klasen, Mr. Klas Albin",male,18.0,1,1,350404,7.8542,,S
367,1,1,"Warren, Mrs. Frank Manley (Anna Sophia Atkinson)",female,60.0,1,0,110813,75.25,D37,C
590,0,3,"Murdlin, Mr. Joseph",male,,0,0,A./5. 3235,8.05,,S
410,0,3,"Lefebre, Miss. Ida",female,,3,1,4133,25.4667,,S
423,0,3,"Zimmerman, Mr. Leo",male,29.0,0,0,315082,7.875,,S
499,0,1,"Allison, Mrs. Hudson J C (Bessie Waldo Daniels)",female,25.0,1,2,113781,151.55,C22 C26,S
804,1,3,"Thomas, Master. Assad Alexander",male,0.42,0,1,2625,8.5167,,C
264,0,1,"Harrison, Mr. William",male,40.0,0,0,112059,0.0,B94,S
798,1,3,"Osman, Mrs. Mara",female,31.0,0,0,349244,8.6833,,S
661,1,1,"Frauenthal, Dr. Henry William",male,50.0,2,0,PC 17611,133.65,,S
34,0,2,"Wheadon, Mr. Edward H",male,66.0,0,0,C.A. 24579,10.5,,S
352,0,1,"Williams-Lambert, Mr. Fletcher Fellows",male,,0,0,113510,35.0,C128,S
883,0,3,"Dahlberg, Miss. Gerda Ulrika",female,22.0,0,0,7552,10.5167,,S
123,0,2,"Nasser, Mr. Nicholas",male,32.5,1,0,237736,30.0708,,C
794,0,1,"Hoyt, Mr. William Fisher",male,,0,0,PC 17600,30.6958,,C
817,0,3,"Heininen, Miss. Wendla Maria",female,23.0,0,0,STON/O2. 3101290,7.925,,S
692,1,3,"Karun, Miss. Manca",female,4.0,0,1,349256,13.4167,,C
541,1,1,"Crosby, Miss. Harriet R",female,36.0,0,2,WE/P 5735,71.0,B22,S
6,0,3,"Moran, Mr. James",male,,0,0,330877,8.4583,,Q
299,1,1,"Saalfeld, Mr. Adolphe",male,,0,0,19988,30.5,C106,S
122,0,3,"Moore, Mr. Leonard Charles",male,,0,0,A4. 54510,8.05,,S
553,0,3,"O'Brien, Mr. Timothy",male,,0,0,330979,7.8292,,Q
733,0,2,"Knight, Mr. Robert J",male,,0,0,239855,0.0,,S
406,0,2,"Gale, Mr. Shadrach",male,34.0,1,0,28664,21.0,,S
868,0,1,"Roebling, Mr. Washington Augustus II",male,31.0,0,0,PC 17590,50.4958,A24,S
558,0,1,"Robbins, Mr. Victor",male,,0,0,PC 17757,227.525,,C
630,0,3,"O'Connell, Mr. Patrick D",male,,0,0,334912,7.7333,,Q
204,0,3,"Youseff, Mr. Gerious",male,45.5,0,0,2628,7.225,,C
481,0,3,"Goodwin, Master. Harold Victor",male,9.0,5,2,CA 2144,46.9,,S
539,0,3,"Risien, Mr. Samuel Beard",male,,0,0,364498,14.5,,S
151,0,2,"Bateman, Rev. Robert James",male,51.0,0,0,S.O.P. 1166,12.525,,S
698,1,3,"Mullens, Miss. Katherine ""Katie""",female,,0,0,35852,7.7333,,Q
285,0,1,"Smith, Mr. Richard William",male,,0,0,113056,26.0,A19,S
864,0,3,"Sage, Miss. Dorothy Edith ""Dolly""",female,,8,2,CA. 2343,69.55,,S
780,1,1,"Robert, Mrs. Edward Scott (Elisabeth Walton McMillan)",female,43.0,0,1,24160,211.3375,B3,S
330,1,1,"Hippach, Miss. Jean Gertrude",female,16.0,0,1,111361,57.9792,B18,C
392,1,3,"Jansson, Mr. Carl Olof",male,21.0,0,0,350034,7.7958,,S
498,0,3,"Shellard, Mr. Frederick William",male,,0,0,C.A. 6212,15.1,,S
751,1,2,"Wells, Miss. Joan",female,4.0,1,1,29103,23.0,,S
814,0,3,"Andersson, Miss. Ebba Iris Alfrida",female,6.0,4,2,347082,31.275,,S
452,0,3,"Hagland, Mr. Ingvald Olai Olsen",male,,1,0,65303,19.9667,,S
136,0,2,"Richard, Mr. Emile",male,23.0,0,0,SC/PARIS 2133,15.0458,,C
291,1,1,"Barber, Miss. Ellen ""Nellie""",female,26.0,0,0,19877,78.85,,S
89,1,1,"Fortune, Miss. Mabel Helen",female,23.0,3,2,19950,263.0,C23 C25 C27,S
164,0,3,"Calic, Mr. Jovo",male,17.0,0,0,315093,8.6625,,S
307,1,1,"Fleming, Miss. Margaret",female,,0,0,17421,110.8833,,C
424,0,3,"Danbom, Mrs. Ernst Gilbert (Anna Sigrid Maria Brogren)",female,28.0,1,1,347080,14.4,,S
441,1,2,"Hart, Mrs. Benjamin (Esther Ada Bloomfield)",female,45.0,1,1,F.C.C. 13529,26.25,,S
427,1,2,"Clarke, Mrs. Charles V (Ada Maria Winfield)",female,28.0,1,0,2003,26.0,,S
756,1,2,"Hamalainen, Master. Viljo",male,0.67,1,1,250649,14.5,,S
446,1,1,"Dodge, Master. Washington",male,4.0,0,2,33638,81.8583,A34,S
65,0,1,"Stewart, Mr. Albert A",male,,0,0,PC 17605,27.7208,,C
442,0,3,"Hampe, Mr. Leon",male,20.0,0,0,345769,9.5,,S
29,1,3,"O'Dwyer, Miss. Ellen ""Nellie""",female,,0,0,330959,7.8792,,Q
348,1,3,"Davison, Mrs. Thomas Henry (Mary E Finck)",female,,1,0,386525,16.1,,S
281,0,3,"Duane, Mr. Frank",male,65.0,0,0,336439,7.75,,Q
591,0,3,"Rintamaki, Mr. Matti",male,35.0,0,0,STON/O 2. 3101273,7.125,,S
109,0,3,"Rekic, Mr. Tido",male,38.0,0,0,349249,7.8958,,S
456,1,3,"Jalsevac, Mr. Ivan",male,29.0,0,0,349240,7.8958,,C
232,0,3,"Larsson, Mr. Bengt Edvin",male,29.0,0,0,347067,7.775,,S
218,0,2,"Jacobsohn, Mr. Sidney Samuel",male,42.0,1,0,243847,27.0,,S
362,0,2,"del Carlo, Mr. Sebastiano",male,29.0,1,0,SC/PARIS 2167,27.7208,,C
714,0,3,"Larsson, Mr. August Viktor",male,29.0,0,0,7545,9.4833,,S
652,1,2,"Doling, Miss. Elsie",female,18.0,0,1,231919,23.0,,S
796,0,2,"Otter, Mr. Richard",male,39.0,0,0,28213,13.0,,S
137,1,1,"Newsom, Miss. Helen Monypeny",female,19.0,0,2,11752,26.2833,D47,S
657,0,3,"Radeff, Mr. Alexander",male,,0,0,349223,7.8958,,S
339,1,3,"Dahl, Mr. Karl Edwart",male,45.0,0,0,7598,8.05,,S
73,0,2,"Hood, Mr. Ambrose Jr",male,21.0,0,0,S.O.C. 14879,73.5,,S
646,1,1,"Harper, Mr. Henry Sleeper",male,48.0,1,0,PC 17572,76.7292,D33,C
677,0,3,"Sawyer, Mr. Frederick Charles",male,24.5,0,0,342826,8.05,,S
508,1,1,"Bradley, Mr. George (""George Arthur Brayton"")",male,,0,0,111427,26.55,,S
86,1,3,"Backstrom, Mrs. Karl Alfred (Maria Mathilda Gustafsson)",female,33.0,3,0,3101278,15.85,,S
823,0,1,"Reuchlin, Jonkheer. John George",male,38.0,0,0,19972,0.0,,S
328,1,2,"Ball, Mrs. (Ada E Hall)",female,36.0,0,0,28551,13.0,D,S
374,0,1,"Ringhini, Mr. Sante",male,22.0,0,0,PC 17760,135.6333,,C
622,1,1,"Kimball, Mr. Edwin Nelson Jr",male,42.0,1,0,11753,52.5542,D19,S
120,0,3,"Andersson, Miss. Ellis Anna Maria",female,2.0,4,2,347082,31.275,,S
620,0,2,"Gavey, Mr. Lawrence",male,26.0,0,0,31028,10.5,,S
626,0,1,"Sutton, Mr. Frederick",male,61.0,0,0,36963,32.3208,D50,S
701,1,1,"Astor, Mrs. John Jacob (Madeleine Talmadge Force)",female,18.0,1,0,PC 17757,227.525,C62 C64,C
77,0,3,"Staneff, Mr. Ivan",male,,0,0,349208,7.8958,,S
790,0,1,"Guggenheim, Mr. Benjamin",male,46.0,0,0,PC 17593,79.2,B82 B84,C
483,0,3,"Rouse, Mr. Richard Henry",male,50.0,0,0,A/5 3594,8.05,,S
890,1,1,"Behr, Mr. Karl Howell",male,26.0,0,0,111369,30.0,C148,C
184,1,2,"Becker, Master. Richard F",male,1.0,2,1,230136,39.0,F4,S
66,1,3,"Moubarek, Master. Gerios",male,,1,1,2661,15.2458,,C
461,1,1,"Anderson, Mr. Harry",male,48.0,0,0,19952,26.55,E12,S
763,1,3,"Barah, Mr. Hanna Assi",male,20.0,0,0,2663,7.2292,,C
567,0,3,"Stoytcheff, Mr. Ilia",male,19.0,0,0,349205,7.8958,,S
431,1,1,"Bjornstrom-Steffansson, Mr. Mauritz Hakan",male,28.0,0,0,110564,26.55,C52,S
297,0,3,"Hanna, Mr. Mansour",male,23.5,0,0,2693,7.2292,,C
648,1,1,"Simonius-Blumer, Col. Oberst Alfons",male,56.0,0,0,13213,35.5,A26,C
649,0,3,"Willey, Mr. Edward",male,,0,0,S.O./P.P. 751,7.55,,S
828,1,2,"Mallet, Master. Andre",male,1.0,0,2,S.C./PARIS 2079,37.0042,,C
619,1,2,"Becker, Miss. Marion Louise",female,4.0,2,1,230136,39.0,F4,S
528,0,1,"Farthing, Mr. John",male,,0,0,PC 17483,221.7792,C95,S
415,1,3,"Sundman, Mr. Johan Julian",male,44.0,0,0,STON/O 2. 3101269,7.925,,S
730,0,3,"Ilmakangas, Miss. Pieta Sofia",female,25.0,1,0,STON/O2. 3101271,7.925,,S
748,1,2,"Sinkkonen, Miss. Anna",female,30.0,0,0,250648,13.0,,S
570,1,3,"Jonsson, Mr. Carl",male,32.0,0,0,350417,7.8542,,S
87,0,3,"Ford, Mr. William Neal",male,16.0,1,3,W./C. 6608,34.375,,S
702,1,1,"Silverthorne, Mr. Spencer Victor",male,35.0,0,0,PC 17475,26.2875,E24,S
214,0,2,"Givard, Mr. Hans Kristensen",male,30.0,0,0,250646,13.0,,S
801,0,2,"Ponesell, Mr. Martin",male,34.0,0,0,250647,13.0,,S
288,0,3,"Naidenoff, Mr. Penko",male,22.0,0,0,349206,7.8958,,S
332,0,1,"Partner, Mr. Austen",male,45.5,0,0,113043,28.5,C124,S
334,0,3,"Vander Planke, Mr. Leo Edmondus",male,16.0,2,0,345764,18.0,,S
435,0,1,"Silvey, Mr. William Baird",male,50.0,1,0,13507,55.9,E44,S
76,0,3,"Moen, Mr. Sigurd Hansen",male,25.0,0,0,348123,7.65,F G73,S
782,1,1,"Dick, Mrs. Albert Adrian (Vera Gillespie)",female,17.0,1,0,17474,57.0,B20,S
284,1,3,"Dorking, Mr. Edward Arthur",male,19.0,0,0,A/5. 10482,8.05,,S
192,0,2,"Carbines, Mr. William",male,19.0,0,0,28424,13.0,,S
560,1,3,"de Messemaeker, Mrs. Guillaume Joseph (Emma)",female,36.0,1,0,345572,17.4,,S
585,0,3,"Paulner, Mr. Uscher",male,,0,0,3411,8.7125,,C
311,1,1,"Hays, Miss. Margaret Bechstein",female,24.0,0,0,11767,83.1583,C54,C
187,1,3,"O'Brien, Mrs. Thomas (Johanna ""Hannah"" Godfrey)",female,,1,0,370365,15.5,,Q
145,0,2,"Andrew, Mr. Edgardo Samuel",male,18.0,0,0,231945,11.5,,S
222,0,2,"Bracken, Mr. James H",male,27.0,0,0,220367,13.0,,S
425,0,3,"Rosblom, Mr. Viktor Richard",male,18.0,1,1,370129,20.2125,,S
855,0,2,"Carter, Mrs. Ernest Courtenay (Lilian Hughes)",female,44.0,1,0,244252,26.0,,S
200,0,2,"Yrois, Miss. Henriette (""Mrs Harbeck"")",female,24.0,0,0,248747,13.0,,S
438,1,2,"Richards, Mrs. Sidney (Emily Hocking)",female,24.0,2,3,29106,18.75,,S
454,1,1,"Goldenberg, Mr. Samuel L",male,49.0,1,0,17453,89.1042,C92,C
239,0,2,"Pengelly, Mr. Frederick William",male,19.0,0,0,28665,10.5,,S
209,1,3,"Carr, Miss. Helen ""Ellen""",female,16.0,0,0,367231,7.75,,Q
551,1,1,"Thayer, Mr. John Borland Jr",male,17.0,0,2,17421,110.8833,C70,C
713,1,1,"Taylor, Mr. Elmer Zebley",male,48.0,1,0,19996,52.0,C126,S
260,1,2,"Parrish, Mrs. (Lutie Davis)",female,50.0,0,1,230433,26.0,,S
818,0,2,"Mallet, Mr. Albert",male,31.0,1,1,S.C./PARIS 2079,37.0042,,C
100,0,2,"Kantor, Mr. Sinai",male,34.0,1,0,244367,26.0,,S
721,1,2,"Harper, Miss. Annie Jessie ""Nina""",female,6.0,0,1,248727,33.0,,S
812,0,3,"Lester, Mr. James",male,39.0,0,0,A/4 48871,24.15,,S
838,0,3,"Sirota, Mr. Maurice",male,,0,0,392092,8.05,,S
549,0,3,"Goldsmith, Mr. Frank John",male,33.0,1,1,363291,20.525,,S
33,1,3,"Glynn, Miss. Mary Agatha",female,,0,0,335677,7.75,,Q
647,0,3,"Cor, Mr. Liudevit",male,19.0,0,0,349231,7.8958,,S
333,0,1,"Graham, Mr. George Edward",male,38.0,0,1,PC 17582,153.4625,C91,S
238,1,2,"Collyer, Miss. Marjorie ""Lottie""",female,8.0,0,2,C.A. 31921,26.25,,S
306,1,1,"Allison, Master. Hudson Trevor",male,0.92,1,2,113781,151.55,C22 C26,S
572,1,1,"Appleton, Mrs. Edward Dale (Charlotte Lamson)",female,53.0,2,0,11769,51.4792,C101,S
559,1,1,"Taussig, Mrs. Emil (Tillie Mandelbaum)",female,39.0,1,1,110413,79.65,E67,S
723,0,2,"Gillespie, Mr. William Henry",male,34.0,0,0,12233,13.0,,S
712,0,1,"Klaber, Mr. Herman",male,,0,0,113028,26.55,C124,S
771,0,3,"Lievens, Mr. Rene Aime",male,24.0,0,0,345781,9.5,,S
139,0,3,"Osen, Mr. Olaf Elon",male,16.0,0,0,7534,9.2167,,S
174,0,3,"Sivola, Mr. Antti Wilhelm",male,21.0,0,0,STON/O 2. 3101280,7.925,,S
91,0,3,"Christmann, Mr. Emil",male,29.0,0,0,343276,8.05,,S
833,0,3,"Saad, Mr. Amin",male,,0,0,2671,7.2292,,C
27,0,3,"Emir, Mr. Farred Chehab",male,,0,0,2631,7.225,,C
482,0,2,"Frost, Mr. Anthony Wood ""Archie""",male,,0,0,239854,0.0,,S
709,1,1,"Cleaver, Miss. Alice",female,22.0,0,0,113781,151.55,,S
146,0,2,"Nicholls, Mr. Joseph Charles",male,19.0,1,1,C.A. 33112,36.75,,S
582,1,1,"Thayer, Mrs. John Borland (Marian Longstreth Morris)",female,39.0,1,1,17421,110.8833,C68,C
603,0,1,"Harrington, Mr. Charles H",male,,0,0,113796,42.4,,S
635,0,3,"Skoog, Miss. Mabel",female,9.0,3,2,347088,27.9,,S
545,0,1,"Douglas, Mr. Walter Donald",male,50.0,1,0,PC 17761,106.425,C86,C
41,0,3,"Ahlin, Mrs. Johan (Johanna Persdotter Larsson)",female,40.0,1,0,7546,9.475,,S
228,0,3,"Lovell, Mr. John Hall (""Henry"")",male,20.5,0,0,A/5 21173,7.25,,S
335,1,1,"Frauenthal, Mrs. Henry William (Clara Heinsheimer)",female,,1,0,PC 17611,133.65,,S
784,0,3,"Johnston, Mr. Andrew G",male,,1,2,W./C. 6607,23.45,,S
697,0,3,"Kelly, Mr. James",male,44.0,0,0,363592,8.05,,S
581,1,2,"Christy, Miss. Julie Rachel",female,25.0,1,1,237789,30.0,,S
304,1,2,"Keane, Miss. Nora A",female,,0,0,226593,12.35,E101,Q
3,1,3,"Heikkinen, Miss. Laina",female,26.0,0,0,STON/O2. 3101282,7.925,,S
129,1,3,"Peter, Miss. Anna",female,,1,1,2668,22.3583,F E69,C
529,0,3,"Salonen, Mr. Johan Werner",male,39.0,0,0,3101296,7.925,,S
742,0,1,"Cavendish, Mr. Tyrell William",male,36.0,1,0,19877,78.85,C46,S
720,0,3,"Johnson, Mr. Malkolm Joackim",male,33.0,0,0,347062,7.775,,S
614,0,3,"Horgan, Mr. John",male,,0,0,370377,7.75,,Q
854,1,1,"Lines, Miss. Mary Conover",female,16.0,0,1,PC 17592,39.4,D28,S
487,1,1,"Hoyt, Mrs. Frederick Maxfield (Jane Anne Forby)",female,35.0,1,0,19943,90.0,C93,S
381,1,1,"Bidois, Miss. Rosalie",female,42.0,0,0,PC 17757,227.525,,C
628,1,1,"Longley, Miss. Gretchen Fiske",female,21.0,0,0,13502,77.9583,D9,S
2,1,1,"Cumings, Mrs. John Bradley (Florence Briggs Thayer)",female,38.0,1,0,PC 17599,71.2833,C85,C
887,0,2,"Montvila, Rev. Juozas",male,27.0,0,0,211536,13.0,,S
324,1,2,"Caldwell, Mrs. Albert Francis (Sylvia Mae Harbaugh)",female,22.0,1,1,248738,29.0,,S
471,0,3,"Keefe, Mr. Arthur",male,,0,0,323592,7.25,,S
536,1,2,"Hart, Miss. Eva Miriam",female,7.0,0,2,F.C.C. 13529,26.25,,S
764,1,1,"Carter, Mrs. William Ernest (Lucile Polk)",female,36.0,1,2,113760,120.0,B96 B98,S
298,0,1,"Allison, Miss. Helen Loraine",female,2.0,1,2,113781,151.55,C22 C26,S
144,0,3,"Burke, Mr. Jeremiah",male,19.0,0,0,365222,6.75,,Q
475,0,3,"Strandberg, Miss. Ida Sofia",female,22.0,0,0,7553,9.8375,,S
70,0,3,"Kink, Mr. Vincenz",male,26.0,2,0,315151,8.6625,,S
678,1,3,"Turja, Miss. Anna Sofia",female,18.0,0,0,4138,9.8417,,S
654,1,3,"O'Leary, Miss. Hanora ""Norah""",female,,0,0,330919,7.8292,,Q
282,0,3,"Olsson, Mr. Nils Johan Goransson",male,28.0,0,0,347464,7.8542,,S
323,1,2,"Slayter, Miss. Hilda Mary",female,30.0,0,0,234818,12.35,,Q
224,0,3,"Nenkoff, Mr. Christo",male,,0,0,349234,7.8958,,S
520,0,3,"Pavlovic, Mr. Stefo",male,32.0,0,0,349242,7.8958,,S
632,0,3,"Lundahl, Mr. Johan Svensson",male,51.0,0,0,347743,7.0542,,S
793,0,3,"Sage, Miss. Stella Anna",female,,8,2,CA. 2343,69.55,,S
404,0,3,"Hakkarainen, Mr. Pekka Pietari",male,28.0,1,0,STON/O2. 3101279,15.85,,S
159,0,3,"Smiljanic, Mr. Mile",male,,0,0,315037,8.6625,,S
458,1,1,"Kenyon, Mrs. Frederick R (Marion)",female,,1,0,17464,51.8625,D21,S
466,0,3,"Goncalves, Mr. Manuel Estanslas",male,38.0,0,0,SOTON/O.Q. 3101306,7.05,,S
511,1,3,"Daly, Mr. Eugene Patrick",male,29.0,0,0,382651,7.75,,Q
525,0,3,"Kassem, Mr. Fared",male,,0,0,2700,7.2292,,C
327,0,3,"Nysveen, Mr. Johan Hansen",male,61.0,0,0,345364,6.2375,,S
125,0,1,"White, Mr. Percival Wayland",male,54.0,0,1,35281,77.2875,D26,S
717,1,1,"Endres, Miss. Caroline Louise",female,38.0,0,0,PC 17757,227.525,C45,C
290,1,3,"Connolly, Miss. Kate",female,22.0,0,0,370373,7.75,,Q
371,1,1,"Harder, Mr. George Achilles",male,25.0,1,0,11765,55.4417,E50,C
807,0,1,"Andrews, Mr. Thomas Jr",male,39.0,0,0,112050,0.0,A36,S
537,0,1,"Butt, Major. Archibald Willingham",male,45.0,0,0,113050,26.55,B38,S
104,0,3,"Johansson, Mr. Gustaf Joel",male,33.0,0,0,7540,8.6542,,S
527,1,2,"Ridsdale, Miss. Lucy",female,50.0,0,0,W./C. 14258,10.5,,S
215,0,3,"Kiernan, Mr. Philip",male,,1,0,367229,7.75,,Q
776,0,3,"Myhrman, Mr. Pehr Fabian Oliver Malkolm",male,18.0,0,0,347078,7.75,,S
60,0,3,"Goodwin, Master. William Frederick",male,11.0,5,2,CA 2144,46.9,,S
364,0,3,"Asim, Mr. Adola",male,35.0,0,0,SOTON/O.Q. 3101310,7.05,,S
193,1,3,"Andersen-Jensen, Miss. Carla Christine Nielsine",female,19.0,1,0,350046,7.8542,,S
700,0,3,"Humblen, Mr. Adolf Mathias Nicolai Olsen",male,42.0,0,0,348121,7.65,F G63,S
93,0,1,"Chaffee, Mr. Herbert Fuller",male,46.0,1,0,W.E.P. 5734,61.175,E31,S
477,0,2,"Renouf, Mr. Peter Henry",male,34.0,1,0,31027,21.0,,S
121,0,2,"Hickman, Mr. Stanley George",male,21.0,2,0,S.O.C. 14879,73.5,,S
576,0,3,"Patchett, Mr. George",male,19.0,0,0,358585,14.5,,S
101,0,3,"Petranec, Miss. Matilda",female,28.0,0,0,349245,7.8958,,S
340,0,1,"Blackwell, Mr. Stephen Weart",male,45.0,0,0,113784,35.5,T,S
517,1,2,"Lemore, Mrs. (Amelia Milley)",female,34.0,0,0,C.A. 34260,10.5,F33,S
872,1,1,"Beckwith, Mrs. Richard Leonard (Sallie Monypeny)",female,47.0,1,1,11751,52.5542,D35,S
651,0,3,"Mitkoff, Mr. Mito",male,,0,0,349221,7.8958,,S
584,0,1,"Ross, Mr. John Hugo",male,36.0,0,0,13049,40.125,A10,C
230,0,3,"Lefebre, Miss. Mathilde",female,,3,1,4133,25.4667,,S
578,1,1,"Silvey, Mrs. William Baird (Alice Munger)",female,39.0,1,0,13507,55.9,E44,S
653,0,3,"Kalvik, Mr. Johannes Halvorsen",male,21.0,0,0,8475,8.4333,,S
542,0,3,"Andersson, Miss. Ingeborg Constanzia",female,9.0,4,2,347082,31.275,,S
305,0,3,"Williams, Mr. Howard Hugh ""Harry""",male,,0,0,A/5 2466,8.05,,S
453,0,1,"Foreman, Mr. Benjamin Laventall",male,30.0,0,0,113051,27.75,C111,C
706,0,2,"Morley, Mr. Henry Samuel (""Mr Henry Marshall"")",male,39.0,0,0,250655,26.0,,S
