TIMESTAMP,TRACK_ID,OBJECT_TYPE,X,Y,CITY_NAME
315968688.0597079,00000000-0000-0000-0000-000000017390,OTHERS,2235.118737491184,775.3189005988718,PIT
315968688.17252165,00000000-0000-0000-0000-000000017390,OTHERS,2234.513536148721,774.5703910639734,PIT
315968688.2745755,00000000-0000-0000-0000-000000017390,OTHERS,2234.057748933817,774.7276004054762,PIT
315968688.38359874,00000000-0000-0000-0000-000000017390,OTHERS,2234.344745210688,774.6974949057527,PIT
315968688.49491817,00000000-0000-0000-0000-000000017390,OTHERS,2234.276918202628,774.6645354917108,PIT
315968688.61393416,00000000-0000-0000-0000-000000017390,OTHERS,2234.151905171196,774.5160082175548,PIT
315968688.71660155,00000000-0000-0000-0000-000000017390,OTHERS,2233.9574007058254,774.3727648343648,PIT
315968688.81599647,00000000-0000-0000-0000-000000017390,OTHERS,2233.871197376828,774.3058115702015,PIT
315968688.9224835,00000000-0000-0000-0000-000000017390,OTHERS,2233.562868211433,774.1368486754004,PIT
315968689.02227795,00000000-0000-0000-0000-000000017390,OTHERS,2233.528754251919,774.0492172433882,PIT
315968689.12582827,00000000-0000-0000-0000-000000017390,OTHERS,2233.4888841819297,773.9752417526892,PIT
315968689.2437367,00000000-0000-0000-0000-000000017390,OTHERS,2233.471824091861,774.006964519314,PIT
315968689.3613666,00000000-0000-0000-0000-000000017390,OTHERS,2233.493026044752,774.0333152782797,PIT
315968689.4859416,00000000-0000-0000-0000-000000017390,OTHERS,2233.319707134383,773.8869839826813,PIT
315968689.60462785,00000000-0000-0000-0000-000000017390,OTHERS,2233.2510283065662,773.8178392741867,PIT
315968689.7178857,00000000-0000-0000-0000-000000017390,OTHERS,2233.177802519532,773.7475783765683,PIT
315968689.85283434,00000000-0000-0000-0000-000000017390,OTHERS,2233.1108759560093,773.6653112557009,PIT
315968689.9643482,00000000-0000-0000-0000-000000017390,OTHERS,2232.715850997081,773.0776783053802,PIT
315968690.0757851,00000000-0000-0000-0000-000000017390,OTHERS,2233.0094655798584,773.5479405319423,PIT
315968690.18062526,00000000-0000-0000-0000-000000017390,OTHERS,2232.7463765845355,773.3718875024492,PIT
315968690.2811772,00000000-0000-0000-0000-000000017390,OTHERS,2232.748277935756,773.374444808156,PIT
315968690.3879491,00000000-0000-0000-0000-000000017390,OTHERS,2232.7434856975174,773.3645341899713,PIT
315968690.4970718,00000000-0000-0000-0000-000000017390,OTHERS,2232.7535190744334,773.3698141934284,PIT
315968690.61985064,00000000-0000-0000-0000-000000017390,OTHERS,2232.612851902624,773.0584502931491,PIT
315968690.7164265,00000000-0000-0000-0000-000000017390,OTHERS,2232.6160281629054,773.0563160536158,PIT
315968690.813451,00000000-0000-0000-0000-000000017390,OTHERS,2232.6066747497853,773.0650551773192,PIT
315968690.92029846,00000000-0000-0000-0000-000000017390,OTHERS,2232.605692820385,773.0396360883475,PIT
315968691.0149435,00000000-0000-0000-0000-000000017390,OTHERS,2232.499820439651,772.9214556314803,PIT
315968691.1131726,00000000-0000-0000-0000-000000017390,OTHERS,2232.500035771513,772.9314650376213,PIT
315968691.21113235,00000000-0000-0000-0000-000000017390,OTHERS,2232.2342229097785,772.9201487468595,PIT
315968691.29819983,00000000-0000-0000-0000-000000017390,OTHERS,2232.6038175169333,772.9659896980719,PIT
315968691.41003007,00000000-0000-0000-0000-000000017390,OTHERS,2232.58352463335,773.0383788846161,PIT
315968691.5088586,00000000-0000-0000-0000-000000017390,OTHERS,2232.53811482151,773.0066806825067,PIT
315968691.6025859,00000000-0000-0000-0000-000000017390,OTHERS,2232.4234977338624,773.2526436176819,PIT
315968691.72530216,00000000-0000-0000-0000-000000017390,OTHERS,2232.6590303154458,773.2899951066441,PIT
315968691.8193815,00000000-0000-0000-0000-000000017390,OTHERS,2232.560730563605,773.0232699977972,PIT
315968691.92038083,00000000-0000-0000-0000-000000017390,OTHERS,2232.5713964445845,773.0432516694829,PIT
315968692.0143169,00000000-0000-0000-0000-000000017390,OTHERS,2232.6817465208137,773.2983355072763,PIT
315968692.10963696,00000000-0000-0000-0000-000000017390,OTHERS,2232.6626801524176,773.2971135512767,PIT
315968692.20969826,00000000-0000-0000-0000-000000017390,OTHERS,2232.7118874536145,773.32342466852,PIT
315968692.30405146,00000000-0000-0000-0000-000000017390,OTHERS,2232.694661535336,773.3272523959855,PIT
315968692.4083887,00000000-0000-0000-0000-000000017390,OTHERS,2232.6771220256664,773.300550084762,PIT
315968692.5054606,00000000-0000-0000-0000-000000017390,OTHERS,2232.701246489421,773.3362554887414,PIT
315968692.612321,00000000-0000-0000-0000-000000017390,OTHERS,2232.726013682502,773.0815729456579,PIT
315968692.70680875,00000000-0000-0000-0000-000000017390,OTHERS,2232.6707541976803,773.3014599815996,PIT
315968692.8148289,00000000-0000-0000-0000-000000017390,OTHERS,2232.7006975815016,773.3024964856206,PIT
315968692.89802617,00000000-0000-0000-0000-000000017390,OTHERS,2232.699434523301,773.3267704192223,PIT
315968693.0101041,00000000-0000-0000-0000-000000017390,OTHERS,2232.6849078929185,773.3197807603552,PIT
315968693.1150208,00000000-0000-0000-0000-000000017390,OTHERS,2232.682839381657,773.2982401629712,PIT
315968693.20650256,00000000-0000-0000-0000-000000017390,OTHERS,2232.6746783802414,773.3048386536153,PIT
315968688.17252165,00000000-0000-0000-0000-000000017460,OTHERS,2244.114168143446,779.2956571410305,PIT
315968688.2745755,00000000-0000-0000-0000-000000017460,OTHERS,2243.1733875241853,778.4651041097536,PIT
315968688.38359874,00000000-0000-0000-0000-000000017460,OTHERS,2242.2493827551425,777.722334386573,PIT
315968688.49491817,00000000-0000-0000-0000-000000017460,OTHERS,2241.273138959996,776.8865519420433,PIT
315968688.61393416,00000000-0000-0000-0000-000000017460,OTHERS,2240.3448316447066,776.1099216149573,PIT
315968688.71660155,00000000-0000-0000-0000-000000017460,OTHERS,2239.3911360840634,775.2925482235443,PIT
315968688.81599647,00000000-0000-0000-0000-000000017460,OTHERS,2238.444592571033,774.4774585401923,PIT
315968688.9224835,00000000-0000-0000-0000-000000017460,OTHERS,2237.4504050262185,773.6718435589712,PIT
315968689.02227795,00000000-0000-0000-0000-000000017460,OTHERS,2236.6706115439515,773.0013347831209,PIT
315968689.12582827,00000000-0000-0000-0000-000000017460,OTHERS,2235.66012112718,772.149981428314,PIT
315968689.2437367,00000000-0000-0000-0000-000000017460,OTHERS,2234.6684685420973,771.3398763946788,PIT
315968689.3613666,00000000-0000-0000-0000-000000017460,OTHERS,2233.7830946049808,770.6478170978545,PIT
315968689.4859416,00000000-0000-0000-0000-000000017460,OTHERS,2231.9600125197267,769.0430048392191,PIT
315968689.60462785,00000000-0000-0000-0000-000000017460,OTHERS,2230.9348743834166,768.2838720155682,PIT
315968689.7178857,00000000-0000-0000-0000-000000017460,OTHERS,2230.025725312328,767.5382793580984,PIT
315968689.85283434,00000000-0000-0000-0000-000000017460,OTHERS,2229.0808624643146,766.6948889561197,PIT
315968689.9643482,00000000-0000-0000-0000-000000017460,OTHERS,2228.316745381511,766.0495381171343,PIT
315968690.18062526,00000000-0000-0000-0000-000000017460,OTHERS,2225.5434741684794,763.6632797057108,PIT
315968690.2811772,00000000-0000-0000-0000-000000017460,OTHERS,2224.567322219709,762.847167464326,PIT
315968690.3879491,00000000-0000-0000-0000-000000017460,OTHERS,2223.5632106048984,762.1474435549585,PIT
315968690.4970718,00000000-0000-0000-0000-000000017460,OTHERS,2222.782101729625,761.3582466764066,PIT
315968690.61985064,00000000-0000-0000-0000-000000017460,OTHERS,2222.578529040643,760.9035832761881,PIT
315968690.7164265,00000000-0000-0000-0000-000000017460,OTHERS,2221.625449738932,760.1400255965929,PIT
315968690.813451,00000000-0000-0000-0000-000000017460,OTHERS,2220.7824780502538,759.3796198656149,PIT
315968690.92029846,00000000-0000-0000-0000-000000017460,OTHERS,2220.05837641798,758.6298578004934,PIT
315968691.0149435,00000000-0000-0000-0000-000000017460,OTHERS,2219.183597367508,757.9789415780589,PIT
315968691.1131726,00000000-0000-0000-0000-000000017460,OTHERS,2218.399217369671,757.2728322622729,PIT
315968691.21113235,00000000-0000-0000-0000-000000017460,OTHERS,2217.6346282536106,756.6326448610997,PIT
315968691.29819983,00000000-0000-0000-0000-000000017460,OTHERS,2216.9222701010194,755.9723279421071,PIT
315968691.41003007,00000000-0000-0000-0000-000000017460,OTHERS,2216.318666670528,755.3600761953769,PIT
315968691.5088586,00000000-0000-0000-0000-000000017460,OTHERS,2215.584591941665,754.7942697256592,PIT
315968691.6025859,00000000-0000-0000-0000-000000017460,OTHERS,2214.8646187641466,754.2362117887178,PIT
315968691.72530216,00000000-0000-0000-0000-000000017460,OTHERS,2214.237400327833,753.5877556747787,PIT
315968691.8193815,00000000-0000-0000-0000-000000017460,OTHERS,2213.5896984484893,753.0833098595351,PIT
315968691.92038083,00000000-0000-0000-0000-000000017460,OTHERS,2212.9629633070585,752.5564654678025,PIT
315968692.0143169,00000000-0000-0000-0000-000000017460,OTHERS,2212.3364539732893,752.0835582446969,PIT
315968692.10963696,00000000-0000-0000-0000-000000017460,OTHERS,2211.692276957302,751.5407639359934,PIT
315968692.20969826,00000000-0000-0000-0000-000000017460,OTHERS,2211.0361690441423,751.1703603021588,PIT
315968692.30405146,00000000-0000-0000-0000-000000017460,OTHERS,2210.4073902264754,750.6858310215689,PIT
315968692.4083887,00000000-0000-0000-0000-000000017460,OTHERS,2209.640049156377,750.1741155991691,PIT
315968692.5054606,00000000-0000-0000-0000-000000017460,OTHERS,2209.1883134364552,749.7355474145007,PIT
315968692.612321,00000000-0000-0000-0000-000000017460,OTHERS,2208.6451472380863,749.3767325927182,PIT
315968692.70680875,00000000-0000-0000-0000-000000017460,OTHERS,2208.0467079459304,748.976375239944,PIT
315968692.8148289,00000000-0000-0000-0000-000000017460,OTHERS,2207.42231818818,748.5903593040514,PIT
315968692.89802617,00000000-0000-0000-0000-000000017460,OTHERS,2206.795704279777,748.0232991709559,PIT
315968693.0101041,00000000-0000-0000-0000-000000017460,OTHERS,2206.142829756118,747.5829753609872,PIT
315968693.1150208,00000000-0000-0000-0000-000000017460,OTHERS,2205.6114843349155,747.1744517545993,PIT
315968693.20650256,00000000-0000-0000-0000-000000017460,OTHERS,2204.925815541807,746.5805819244378,PIT
315968688.0597079,00000000-0000-0000-0000-000000017473,OTHERS,2262.192036518229,797.9423458133195,PIT
315968688.17252165,00000000-0000-0000-0000-000000017473,OTHERS,2260.778034811282,796.7722024352553,PIT
315968688.2745755,00000000-0000-0000-0000-000000017473,OTHERS,2260.039459570453,796.2100618284653,PIT
315968688.38359874,00000000-0000-0000-0000-000000017473,OTHERS,2259.3924229338736,795.6446237597341,PIT
315968688.49491817,00000000-0000-0000-0000-000000017473,OTHERS,2258.752547603035,795.135993540571,PIT
315968688.61393416,00000000-0000-0000-0000-000000017473,OTHERS,2258.083411247581,794.5834248646908,PIT
315968688.71660155,00000000-0000-0000-0000-000000017473,OTHERS,2257.4878731666126,794.1110287150677,PIT
315968688.9224835,00000000-0000-0000-0000-000000017473,OTHERS,2256.276557252528,793.1727459484049,PIT
315968689.02227795,00000000-0000-0000-0000-000000017473,OTHERS,2255.6955536210003,792.678263752051,PIT
315968689.12582827,00000000-0000-0000-0000-000000017473,OTHERS,2255.3722377013746,792.5077794043747,PIT
315968689.2437367,00000000-0000-0000-0000-000000017473,OTHERS,2254.5821986756105,791.7577693389877,PIT
315968689.3613666,00000000-0000-0000-0000-000000017473,OTHERS,2254.256411964453,791.565134808441,PIT
315968689.4859416,00000000-0000-0000-0000-000000017473,OTHERS,2253.2187360323887,790.7268517655351,PIT
315968689.60462785,00000000-0000-0000-0000-000000017473,OTHERS,2252.504994417377,790.0564198820875,PIT
315968689.7178857,00000000-0000-0000-0000-000000017473,OTHERS,2251.936561678432,789.5291714338556,PIT
315968689.85283434,00000000-0000-0000-0000-000000017473,OTHERS,2251.4509999583247,789.1584765432159,PIT
315968689.9643482,00000000-0000-0000-0000-000000017473,OTHERS,2251.2297514501684,789.0532850313945,PIT
315968690.0757851,00000000-0000-0000-0000-000000017473,OTHERS,2250.3696889091448,788.3344895505272,PIT
315968690.18062526,00000000-0000-0000-0000-000000017473,OTHERS,2249.699611805817,787.69442573776,PIT
315968690.2811772,00000000-0000-0000-0000-000000017473,OTHERS,2249.262180503504,787.3432375342427,PIT
315968690.3879491,00000000-0000-0000-0000-000000017473,OTHERS,2248.877438373835,787.0765494184618,PIT
315968690.4970718,00000000-0000-0000-0000-000000017473,OTHERS,2248.509738200112,786.7426105871907,PIT
315968690.61985064,00000000-0000-0000-0000-000000017473,OTHERS,2248.140707208885,786.4529921906067,PIT
315968690.7164265,00000000-0000-0000-0000-000000017473,OTHERS,2247.900102467385,786.2480612797659,PIT
315968690.813451,00000000-0000-0000-0000-000000017473,OTHERS,2247.4346156212905,785.8405315795226,PIT
315968690.92029846,00000000-0000-0000-0000-000000017473,OTHERS,2247.366698892268,785.8677980474513,PIT
315968691.0149435,00000000-0000-0000-0000-000000017473,OTHERS,2247.188393147554,785.6681652908558,PIT
315968691.21113235,00000000-0000-0000-0000-000000017473,OTHERS,2246.410843085733,785.094911683678,PIT
315968691.29819983,00000000-0000-0000-0000-000000017473,OTHERS,2246.190887788976,784.8804254013858,PIT
315968691.41003007,00000000-0000-0000-0000-000000017473,OTHERS,2245.9063528464512,784.6407874806301,PIT
315968691.5088586,00000000-0000-0000-0000-000000017473,OTHERS,2245.807545104352,784.5062333814664,PIT
315968691.6025859,00000000-0000-0000-0000-000000017473,OTHERS,2245.420116178399,784.2661186959224,PIT
315968691.72530216,00000000-0000-0000-0000-000000017473,OTHERS,2245.257499905446,784.1160108881257,PIT
315968691.8193815,00000000-0000-0000-0000-000000017473,OTHERS,2245.027073795049,783.9204393659688,PIT
315968691.92038083,00000000-0000-0000-0000-000000017473,OTHERS,2244.965159854069,783.8101603866347,PIT
315968692.0143169,00000000-0000-0000-0000-000000017473,OTHERS,2244.6745893063176,783.6170600852565,PIT
315968692.10963696,00000000-0000-0000-0000-000000017473,OTHERS,2244.5990903058287,783.5335386267329,PIT
315968692.20969826,00000000-0000-0000-0000-000000017473,OTHERS,2244.563482196903,783.4722080937993,PIT
315968692.30405146,00000000-0000-0000-0000-000000017473,OTHERS,2244.435193018177,783.3539716109223,PIT
315968692.4083887,00000000-0000-0000-0000-000000017473,OTHERS,2244.2063773293958,783.2163824408889,PIT
315968692.5054606,00000000-0000-0000-0000-000000017473,OTHERS,2244.0871258242496,783.1322712209302,PIT
315968692.612321,00000000-0000-0000-0000-000000017473,OTHERS,2244.0069164363567,783.0552532944722,PIT
315968692.70680875,00000000-0000-0000-0000-000000017473,OTHERS,2244.0744662432253,783.0470390256163,PIT
315968692.8148289,00000000-0000-0000-0000-000000017473,OTHERS,2244.0270563865597,783.00511369429,PIT
315968692.89802617,00000000-0000-0000-0000-000000017473,OTHERS,2244.0035891367334,782.9697358250114,PIT
315968693.0101041,00000000-0000-0000-0000-000000017473,OTHERS,2243.990355092713,782.9622053357353,PIT
315968693.1150208,00000000-0000-0000-0000-000000017473,OTHERS,2243.983590465666,782.9558400071635,PIT
315968693.20650256,00000000-0000-0000-0000-000000017473,OTHERS,2243.980952454622,782.9536925005659,PIT
315968688.0597079,00000000-0000-0000-0000-000000017718,OTHERS,2281.023876382247,805.7260813604405,PIT
315968688.17252165,00000000-0000-0000-0000-000000017718,OTHERS,2281.8104740270146,806.1804912859833,PIT
315968688.2745755,00000000-0000-0000-0000-000000017718,OTHERS,2282.3471723201856,806.5792910850755,PIT
315968688.38359874,00000000-0000-0000-0000-000000017718,OTHERS,2283.0882578828946,806.8492688224068,PIT
315968688.49491817,00000000-0000-0000-0000-000000017718,OTHERS,2283.0882578784813,806.8492688185187,PIT
315968688.61393416,00000000-0000-0000-0000-000000017718,OTHERS,2284.403711243481,807.6489151732287,PIT
315968688.71660155,00000000-0000-0000-0000-000000017718,OTHERS,2285.100938816324,808.1907067353917,PIT
315968688.81599647,00000000-0000-0000-0000-000000017718,OTHERS,2285.764429360826,808.5799331718448,PIT
315968688.9224835,00000000-0000-0000-0000-000000017718,OTHERS,2286.573528837419,808.7366746683423,PIT
315968689.02227795,00000000-0000-0000-0000-000000017718,OTHERS,2287.209408553437,809.3953933180251,PIT
315968689.12582827,00000000-0000-0000-0000-000000017718,OTHERS,2287.896070103342,809.9930233038243,PIT
315968689.2437367,00000000-0000-0000-0000-000000017718,OTHERS,2288.510258131546,810.4756369021109,PIT
315968689.3613666,00000000-0000-0000-0000-000000017718,OTHERS,2289.236292169077,811.0058731795323,PIT
315968689.4859416,00000000-0000-0000-0000-000000017718,OTHERS,2290.6134449404826,812.1509776757993,PIT
315968689.60462785,00000000-0000-0000-0000-000000017718,OTHERS,2291.271793256584,812.5404282911812,PIT
315968689.7178857,00000000-0000-0000-0000-000000017718,OTHERS,2291.271793253847,812.540428288278,PIT
315968689.85283434,00000000-0000-0000-0000-000000017718,OTHERS,2292.6439136417785,813.6175615671591,PIT
315968690.0757851,00000000-0000-0000-0000-000000017718,OTHERS,2295.0187022264904,815.2414191033972,PIT
315968690.18062526,00000000-0000-0000-0000-000000017718,OTHERS,2295.0187022242662,815.241419101229,PIT
315968690.2811772,00000000-0000-0000-0000-000000017718,OTHERS,2295.0187022220443,815.2414190990618,PIT
315968690.3879491,00000000-0000-0000-0000-000000017718,OTHERS,2295.01870221982,815.2414190968933,PIT
315968688.0597079,00000000-0000-0000-0000-000000017740,OTHERS,2257.749609957219,786.6928724531675,PIT
315968688.17252165,00000000-0000-0000-0000-000000017740,OTHERS,2258.258577744771,787.2356496305197,PIT
315968688.2745755,00000000-0000-0000-0000-000000017740,OTHERS,2258.596864925099,787.5448374749104,PIT
315968688.38359874,00000000-0000-0000-0000-000000017740,OTHERS,2258.924109947061,787.7555656367746,PIT
315968688.49491817,00000000-0000-0000-0000-000000017740,OTHERS,2259.2332770652683,787.9634424492264,PIT
315968688.61393416,00000000-0000-0000-0000-000000017740,OTHERS,2259.7046385021013,788.1740582112865,PIT
315968688.71660155,00000000-0000-0000-0000-000000017740,OTHERS,2260.259437885539,788.5316096520608,PIT
315968688.81599647,00000000-0000-0000-0000-000000017740,OTHERS,2260.829438075406,789.1985203354228,PIT
315968688.9224835,00000000-0000-0000-0000-000000017740,OTHERS,2261.431222403149,789.8796192662372,PIT
315968689.02227795,00000000-0000-0000-0000-000000017740,OTHERS,2261.7679969069395,790.2747540518543,PIT
315968689.12582827,00000000-0000-0000-0000-000000017740,OTHERS,2262.161481720025,790.5429453948,PIT
315968689.2437367,00000000-0000-0000-0000-000000017740,OTHERS,2262.6025829437626,790.9160065512494,PIT
315968689.3613666,00000000-0000-0000-0000-000000017740,OTHERS,2263.181016740405,791.3278138528801,PIT
315968689.4859416,00000000-0000-0000-0000-000000017740,OTHERS,2264.294614526417,792.2461215170383,PIT
315968689.60462785,00000000-0000-0000-0000-000000017740,OTHERS,2264.6327779257103,792.4931584496103,PIT
315968689.7178857,00000000-0000-0000-0000-000000017740,OTHERS,2265.354932989869,793.1459490772935,PIT
315968689.85283434,00000000-0000-0000-0000-000000017740,OTHERS,2265.7798170085707,793.4624685444385,PIT
315968689.9643482,00000000-0000-0000-0000-000000017740,OTHERS,2266.424752691285,794.0498012062534,PIT
315968690.0757851,00000000-0000-0000-0000-000000017740,OTHERS,2267.497099676287,794.9042642800215,PIT
315968690.18062526,00000000-0000-0000-0000-000000017740,OTHERS,2268.1148437142524,795.3813122786847,PIT
315968690.2811772,00000000-0000-0000-0000-000000017740,OTHERS,2268.7484883223724,795.8608331900763,PIT
315968690.3879491,00000000-0000-0000-0000-000000017740,OTHERS,2269.417029616177,796.3861281251947,PIT
315968690.4970718,00000000-0000-0000-0000-000000017740,OTHERS,2269.8796816716285,796.968871437565,PIT
315968690.61985064,00000000-0000-0000-0000-000000017740,OTHERS,2270.701565429685,797.4562069055339,PIT
315968690.7164265,00000000-0000-0000-0000-000000017740,OTHERS,2271.48145684948,798.1721929780466,PIT
315968690.813451,00000000-0000-0000-0000-000000017740,OTHERS,2272.05693208724,798.5845561410181,PIT
315968690.92029846,00000000-0000-0000-0000-000000017740,OTHERS,2272.797804558001,799.1722628101605,PIT
315968691.0149435,00000000-0000-0000-0000-000000017740,OTHERS,2273.466283681661,799.7983507408957,PIT
315968691.1131726,00000000-0000-0000-0000-000000017740,OTHERS,2274.2424470598708,800.3916011878816,PIT
315968691.21113235,00000000-0000-0000-0000-000000017740,OTHERS,2274.874428259974,800.8541200918352,PIT
315968691.29819983,00000000-0000-0000-0000-000000017740,OTHERS,2275.5171795711544,801.2921518099034,PIT
315968691.41003007,00000000-0000-0000-0000-000000017740,OTHERS,2276.550549318606,801.6578228017512,PIT
315968691.5088586,00000000-0000-0000-0000-000000017740,OTHERS,2276.5505493178066,801.6578228009987,PIT
315968691.6025859,00000000-0000-0000-0000-000000017740,OTHERS,2276.550549317007,801.6578228002475,PIT
315968691.72530216,00000000-0000-0000-0000-000000017740,OTHERS,2276.550549316208,801.6578227994955,PIT
315968688.0597079,00000000-0000-0000-0000-000000017749,OTHERS,2249.5643533888533,779.8410093119064,PIT
315968688.17252165,00000000-0000-0000-0000-000000017749,OTHERS,2250.101131603184,780.2781071002405,PIT
315968688.2745755,00000000-0000-0000-0000-000000017749,OTHERS,2250.1552573074096,780.4159441715367,PIT
315968688.38359874,00000000-0000-0000-0000-000000017749,OTHERS,2250.34645875508,780.609514349454,PIT
315968688.49491817,00000000-0000-0000-0000-000000017749,OTHERS,2250.59325928335,780.8308803311078,PIT
315968688.61393416,00000000-0000-0000-0000-000000017749,OTHERS,2250.6746710155653,780.9309646915344,PIT
315968688.71660155,00000000-0000-0000-0000-000000017749,OTHERS,2250.9367092626376,781.0721820568652,PIT
315968688.81599647,00000000-0000-0000-0000-000000017749,OTHERS,2251.225140862585,781.2483409507205,PIT
315968688.9224835,00000000-0000-0000-0000-000000017749,OTHERS,2251.3305562534188,781.4436951471118,PIT
315968689.02227795,00000000-0000-0000-0000-000000017749,OTHERS,2251.6825208966866,781.6028078311364,PIT
315968689.12582827,00000000-0000-0000-0000-000000017749,OTHERS,2251.535040010377,781.6381469766968,PIT
315968689.2437367,00000000-0000-0000-0000-000000017749,OTHERS,2251.86731793466,781.6802824912303,PIT
315968689.3613666,00000000-0000-0000-0000-000000017749,OTHERS,2252.144986605161,781.812757998973,PIT
315968689.4859416,00000000-0000-0000-0000-000000017749,OTHERS,2252.988352341272,782.8312044400958,PIT
315968689.60462785,00000000-0000-0000-0000-000000017749,OTHERS,2253.100277826643,782.9184615207747,PIT
315968689.7178857,00000000-0000-0000-0000-000000017749,OTHERS,2253.300883071449,783.1067516216008,PIT
315968689.85283434,00000000-0000-0000-0000-000000017749,OTHERS,2253.682120949778,783.3429278742121,PIT
315968689.9643482,00000000-0000-0000-0000-000000017749,OTHERS,2253.9903439683844,783.6425125114098,PIT
315968690.0757851,00000000-0000-0000-0000-000000017749,OTHERS,2254.5496837848896,784.1074978687668,PIT
315968690.18062526,00000000-0000-0000-0000-000000017749,OTHERS,2254.9339488744804,784.4275384928007,PIT
315968690.2811772,00000000-0000-0000-0000-000000017749,OTHERS,2255.379576765818,784.696558159847,PIT
315968690.3879491,00000000-0000-0000-0000-000000017749,OTHERS,2255.569500872908,785.0051416900003,PIT
315968690.4970718,00000000-0000-0000-0000-000000017749,OTHERS,2255.880447651636,785.313728513511,PIT
315968690.61985064,00000000-0000-0000-0000-000000017749,OTHERS,2256.484097452059,785.6206669563202,PIT
315968690.7164265,00000000-0000-0000-0000-000000017749,OTHERS,2256.715126733253,785.9554946339682,PIT
315968690.813451,00000000-0000-0000-0000-000000017749,OTHERS,2257.063342508079,786.2392548684163,PIT
315968690.92029846,00000000-0000-0000-0000-000000017749,OTHERS,2257.403771825629,786.4921724236252,PIT
315968691.0149435,00000000-0000-0000-0000-000000017749,OTHERS,2257.816267161945,786.8247238068193,PIT
315968691.1131726,00000000-0000-0000-0000-000000017749,OTHERS,2258.156273564388,787.201222148562,PIT
315968691.21113235,00000000-0000-0000-0000-000000017749,OTHERS,2258.564000145281,787.576244099766,PIT
315968691.29819983,00000000-0000-0000-0000-000000017749,OTHERS,2258.9294038421804,787.8858046335993,PIT
315968691.41003007,00000000-0000-0000-0000-000000017749,OTHERS,2259.440106507905,788.2962755373984,PIT
315968691.5088586,00000000-0000-0000-0000-000000017749,OTHERS,2259.841948529144,788.6315740027167,PIT
315968691.6025859,00000000-0000-0000-0000-000000017749,OTHERS,2260.263916734028,789.0738194592357,PIT
315968691.72530216,00000000-0000-0000-0000-000000017749,OTHERS,2260.593930246605,789.2791368499077,PIT
315968691.8193815,00000000-0000-0000-0000-000000017749,OTHERS,2260.852538121589,789.3015614986415,PIT
315968691.92038083,00000000-0000-0000-0000-000000017749,OTHERS,2261.557944454027,789.8205918605744,PIT
315968692.0143169,00000000-0000-0000-0000-000000017749,OTHERS,2262.274150243076,790.3309625116929,PIT
315968692.10963696,00000000-0000-0000-0000-000000017749,OTHERS,2262.749292628538,790.7517305423921,PIT
315968692.20969826,00000000-0000-0000-0000-000000017749,OTHERS,2263.1267569225674,791.4094010892243,PIT
315968692.30405146,00000000-0000-0000-0000-000000017749,OTHERS,2263.4098651619697,791.6227178545247,PIT
315968692.4083887,00000000-0000-0000-0000-000000017749,OTHERS,2263.84385877477,791.9977360333246,PIT
315968692.5054606,00000000-0000-0000-0000-000000017749,OTHERS,2264.318893787485,792.3195961276241,PIT
315968692.612321,00000000-0000-0000-0000-000000017749,OTHERS,2264.919972519984,792.8545854376782,PIT
315968692.70680875,00000000-0000-0000-0000-000000017749,OTHERS,2265.4216151676283,793.2075082502861,PIT
315968692.8148289,00000000-0000-0000-0000-000000017749,OTHERS,2265.989440870935,793.6789487398307,PIT
315968692.89802617,00000000-0000-0000-0000-000000017749,OTHERS,2266.566926864212,794.1948262614195,PIT
315968693.0101041,00000000-0000-0000-0000-000000017749,OTHERS,2267.139785321848,794.6994448630066,PIT
315968693.1150208,00000000-0000-0000-0000-000000017749,OTHERS,2267.7982812511027,795.2217329300781,PIT
315968693.20650256,00000000-0000-0000-0000-000000017749,OTHERS,2268.394588177064,795.6839224636317,PIT
315968688.0597079,00000000-0000-0000-0000-000000017757,OTHERS,2260.248793528416,792.5257155726264,PIT
315968688.17252165,00000000-0000-0000-0000-000000017757,OTHERS,2258.5424873856173,791.1412309010518,PIT
315968688.2745755,00000000-0000-0000-0000-000000017757,OTHERS,2257.7027916376887,790.4451473580824,PIT
315968688.38359874,00000000-0000-0000-0000-000000017757,OTHERS,2256.6933306189844,789.5227342070008,PIT
315968688.49491817,00000000-0000-0000-0000-000000017757,OTHERS,2255.7523230079887,788.7169561956662,PIT
315968688.61393416,00000000-0000-0000-0000-000000017757,OTHERS,2254.7569026961123,787.9721336499167,PIT
315968688.71660155,00000000-0000-0000-0000-000000017757,OTHERS,2253.978457745275,787.2052762976904,PIT
315968688.81599647,00000000-0000-0000-0000-000000017757,OTHERS,2253.1588803849045,786.5604521307425,PIT
315968688.9224835,00000000-0000-0000-0000-000000017757,OTHERS,2252.068359059907,785.5804680757489,PIT
315968689.02227795,00000000-0000-0000-0000-000000017757,OTHERS,2251.167975072009,784.9519192752575,PIT
315968689.12582827,00000000-0000-0000-0000-000000017757,OTHERS,2250.4515565144884,784.1528826786923,PIT
315968689.2437367,00000000-0000-0000-0000-000000017757,OTHERS,2249.677561409019,783.622276285329,PIT
315968689.3613666,00000000-0000-0000-0000-000000017757,OTHERS,2248.690303103418,782.8621711427855,PIT
315968689.4859416,00000000-0000-0000-0000-000000017757,OTHERS,2246.973221336695,781.3961507578398,PIT
315968689.60462785,00000000-0000-0000-0000-000000017757,OTHERS,2246.190062857362,780.7498501629318,PIT
315968689.7178857,00000000-0000-0000-0000-000000017757,OTHERS,2244.963303989462,779.7736420159404,PIT
315968689.85283434,00000000-0000-0000-0000-000000017757,OTHERS,2244.2978441086943,779.1545059776703,PIT
315968689.9643482,00000000-0000-0000-0000-000000017757,OTHERS,2243.6146448190134,778.5743558368207,PIT
315968690.0757851,00000000-0000-0000-0000-000000017757,OTHERS,2241.872241320849,777.2873477896292,PIT
315968690.18062526,00000000-0000-0000-0000-000000017757,OTHERS,2240.9653836238285,776.5431593519403,PIT
315968690.2811772,00000000-0000-0000-0000-000000017757,OTHERS,2240.167711713215,775.7865322477925,PIT
315968690.3879491,00000000-0000-0000-0000-000000017757,OTHERS,2239.2892177413128,774.9503594614567,PIT
315968690.4970718,00000000-0000-0000-0000-000000017757,OTHERS,2238.538449858664,774.2443829676233,PIT
315968690.61985064,00000000-0000-0000-0000-000000017757,OTHERS,2237.420241855737,773.3207309818042,PIT
315968690.7164265,00000000-0000-0000-0000-000000017757,OTHERS,2236.421248265145,772.3458319297781,PIT
315968690.813451,00000000-0000-0000-0000-000000017757,OTHERS,2235.6512291231447,771.9440691612657,PIT
315968690.92029846,00000000-0000-0000-0000-000000017757,OTHERS,2234.7645701885767,771.2541256184688,PIT
315968691.0149435,00000000-0000-0000-0000-000000017757,OTHERS,2234.108263595347,770.5081459775912,PIT
315968691.1131726,00000000-0000-0000-0000-000000017757,OTHERS,2232.830002253625,769.5576038223381,PIT
315968691.21113235,00000000-0000-0000-0000-000000017757,OTHERS,2232.0781396630373,768.8749305412304,PIT
315968691.29819983,00000000-0000-0000-0000-000000017757,OTHERS,2231.0968027182207,768.0171857155502,PIT
315968691.41003007,00000000-0000-0000-0000-000000017757,OTHERS,2230.1776560049466,767.2728373397866,PIT
315968691.5088586,00000000-0000-0000-0000-000000017757,OTHERS,2229.3434933325825,766.5362772157664,PIT
315968691.6025859,00000000-0000-0000-0000-000000017757,OTHERS,2228.3469276223327,765.6990449566244,PIT
315968691.72530216,00000000-0000-0000-0000-000000017757,OTHERS,2227.6498871130893,765.1288631078473,PIT
315968691.8193815,00000000-0000-0000-0000-000000017757,OTHERS,2226.715325703044,764.2337883530313,PIT
315968691.92038083,00000000-0000-0000-0000-000000017757,OTHERS,2225.915172015131,763.5805191351477,PIT
315968692.0143169,00000000-0000-0000-0000-000000017757,OTHERS,2225.120387654225,762.9461651547078,PIT
315968692.10963696,00000000-0000-0000-0000-000000017757,OTHERS,2224.325839004602,762.2216752647015,PIT
315968692.20969826,00000000-0000-0000-0000-000000017757,OTHERS,2223.3980525668408,761.4162761115448,PIT
315968692.30405146,00000000-0000-0000-0000-000000017757,OTHERS,2222.657142021125,760.8333284552342,PIT
315968692.4083887,00000000-0000-0000-0000-000000017757,OTHERS,2221.8582762630986,760.1152149418434,PIT
315968692.5054606,00000000-0000-0000-0000-000000017757,OTHERS,2220.9984033603987,759.4431371385964,PIT
315968692.612321,00000000-0000-0000-0000-000000017757,OTHERS,2220.1862209738715,758.7472020745681,PIT
315968692.70680875,00000000-0000-0000-0000-000000017757,OTHERS,2219.576215529392,758.2441197642879,PIT
315968692.8148289,00000000-0000-0000-0000-000000017757,OTHERS,2218.7008209282485,757.4610389680909,PIT
315968692.89802617,00000000-0000-0000-0000-000000017757,OTHERS,2218.0234567144503,757.0535794061261,PIT
315968693.0101041,00000000-0000-0000-0000-000000017757,OTHERS,2217.4020437639456,756.3713150355707,PIT
315968693.1150208,00000000-0000-0000-0000-000000017757,OTHERS,2216.636398821376,755.7596604353149,PIT
315968693.20650256,00000000-0000-0000-0000-000000017757,OTHERS,2215.9840348238317,755.1741586665811,PIT
315968688.0597079,00000000-0000-0000-0000-000000017775,OTHERS,2295.1645021228283,817.8073411163983,PIT
315968688.17252165,00000000-0000-0000-0000-000000017775,OTHERS,2295.835239659454,818.3105135076323,PIT
315968688.2745755,00000000-0000-0000-0000-000000017775,OTHERS,2297.058379249664,819.5227987667979,PIT
315968688.38359874,00000000-0000-0000-0000-000000017775,OTHERS,2297.582511237445,819.9758027301892,PIT
315968688.49491817,00000000-0000-0000-0000-000000017775,OTHERS,2297.58251123307,819.9758027262598,PIT
315968688.61393416,00000000-0000-0000-0000-000000017775,OTHERS,2299.000718864572,821.0406772416519,PIT
315968688.71660155,00000000-0000-0000-0000-000000017775,OTHERS,2299.8269193195097,821.5154274323825,PIT
315968688.81599647,00000000-0000-0000-0000-000000017775,OTHERS,2300.632074223315,822.0337068210235,PIT
315968688.9224835,00000000-0000-0000-0000-000000017775,OTHERS,2301.315329536432,822.7451699371295,PIT
315968689.02227795,00000000-0000-0000-0000-000000017775,OTHERS,2301.315329532505,822.7451699340022,PIT
315968689.12582827,00000000-0000-0000-0000-000000017775,OTHERS,2301.315329528581,822.7451699308765,PIT
315968689.2437367,00000000-0000-0000-0000-000000017775,OTHERS,2301.315329524657,822.7451699277492,PIT
315968689.85283434,00000000-0000-0000-0000-000000017801,OTHERS,2219.786928322645,762.3554580061125,PIT
315968689.9643482,00000000-0000-0000-0000-000000017801,OTHERS,2219.769105874372,762.3376925416701,PIT
315968690.0757851,00000000-0000-0000-0000-000000017801,OTHERS,2219.681582545424,762.3389398805725,PIT
315968690.18062526,00000000-0000-0000-0000-000000017801,OTHERS,2219.684837939494,762.355136081093,PIT
315968690.2811772,00000000-0000-0000-0000-000000017801,OTHERS,2219.7102135758605,762.4410864333075,PIT
315968690.3879491,00000000-0000-0000-0000-000000017801,OTHERS,2219.694562382714,762.3374910500157,PIT
315968690.4970718,00000000-0000-0000-0000-000000017801,OTHERS,2219.7249623679654,762.3398139734375,PIT
315968690.61985064,00000000-0000-0000-0000-000000017801,OTHERS,2219.739057060633,762.361396115394,PIT
315968690.7164265,00000000-0000-0000-0000-000000017801,OTHERS,2219.7889679502136,762.3313561370006,PIT
315968690.813451,00000000-0000-0000-0000-000000017801,OTHERS,2219.273698424413,761.882101833457,PIT
315968690.92029846,00000000-0000-0000-0000-000000017801,OTHERS,2219.2879057669006,761.9059780950242,PIT
315968691.0149435,00000000-0000-0000-0000-000000017801,OTHERS,2219.774136628288,762.3067755475822,PIT
315968691.1131726,00000000-0000-0000-0000-000000017801,OTHERS,2219.774136626976,762.3067755465056,PIT
315968691.21113235,00000000-0000-0000-0000-000000017801,OTHERS,2219.250313388517,761.9568882228423,PIT
315968691.29819983,00000000-0000-0000-0000-000000017801,OTHERS,2219.2567242429573,761.9952056729743,PIT
315968691.41003007,00000000-0000-0000-0000-000000017801,OTHERS,2218.607519984272,761.4580932875647,PIT
315968691.5088586,00000000-0000-0000-0000-000000017801,OTHERS,2219.3197138006767,762.0495866224367,PIT
315968691.6025859,00000000-0000-0000-0000-000000017801,OTHERS,2219.2944446447127,762.0511606070893,PIT
315968691.8193815,00000000-0000-0000-0000-000000017801,OTHERS,2219.774253062378,762.4790437967968,PIT
315968691.92038083,00000000-0000-0000-0000-000000017801,OTHERS,2219.087079007865,761.8939696559148,PIT
315968692.0143169,00000000-0000-0000-0000-000000017801,OTHERS,2219.772966255553,762.4881058240951,PIT
315968692.10963696,00000000-0000-0000-0000-000000017801,OTHERS,2219.6504683915164,762.6111670407373,PIT
315968692.20969826,00000000-0000-0000-0000-000000017801,OTHERS,2219.9354515819045,762.3249319208697,PIT
315968692.30405146,00000000-0000-0000-0000-000000017801,OTHERS,2219.79110102016,762.326690961185,PIT
315968692.4083887,00000000-0000-0000-0000-000000017801,OTHERS,2219.8205667982543,762.2303339912573,PIT
315968692.5054606,00000000-0000-0000-0000-000000017801,OTHERS,2219.7994675442333,762.4132590651201,PIT
315968692.612321,00000000-0000-0000-0000-000000017801,OTHERS,2219.855907300192,762.4005966901835,PIT
315968692.70680875,00000000-0000-0000-0000-000000017801,OTHERS,2219.8074382024324,762.3759841247984,PIT
315968692.8148289,00000000-0000-0000-0000-000000017801,OTHERS,2219.340358156984,762.0466195659375,PIT
315968692.89802617,00000000-0000-0000-0000-000000017801,OTHERS,2219.7266353902714,762.4131911466045,PIT
315968693.0101041,00000000-0000-0000-0000-000000017801,OTHERS,2219.870895073741,762.4236275764298,PIT
315968693.1150208,00000000-0000-0000-0000-000000017801,OTHERS,2219.8495625634314,762.3457109345509,PIT
315968693.20650256,00000000-0000-0000-0000-000000017801,OTHERS,2219.3803809605447,761.9843054179718,PIT
315968690.7164265,00000000-0000-0000-0000-000000017836,OTHERS,2258.283224952055,792.1627331914572,PIT
315968690.813451,00000000-0000-0000-0000-000000017836,OTHERS,2258.214680001199,792.36131012903,PIT
315968690.92029846,00000000-0000-0000-0000-000000017836,OTHERS,2257.701711574353,791.7535807873973,PIT
315968691.0149435,00000000-0000-0000-0000-000000017836,OTHERS,2257.221436298475,791.2947647874545,PIT
315968691.1131726,00000000-0000-0000-0000-000000017836,OTHERS,2256.650166781472,790.6749705602189,PIT
315968691.21113235,00000000-0000-0000-0000-000000017836,OTHERS,2255.940586935876,790.0215720169493,PIT
315968691.29819983,00000000-0000-0000-0000-000000017836,OTHERS,2255.326777007026,789.4248194805507,PIT
315968691.41003007,00000000-0000-0000-0000-000000017836,OTHERS,2254.705889964081,788.9027924086545,PIT
315968691.5088586,00000000-0000-0000-0000-000000017836,OTHERS,2254.113187061619,788.2548002907538,PIT
315968691.6025859,00000000-0000-0000-0000-000000017836,OTHERS,2253.569743018365,787.7017774544925,PIT
315968691.72530216,00000000-0000-0000-0000-000000017836,OTHERS,2252.9079944435057,787.0618195263852,PIT
315968691.8193815,00000000-0000-0000-0000-000000017836,OTHERS,2252.343736912482,786.5245519339038,PIT
315968691.92038083,00000000-0000-0000-0000-000000017836,OTHERS,2251.5809977838653,785.7033963606275,PIT
315968692.0143169,00000000-0000-0000-0000-000000017836,OTHERS,2250.860951740403,785.0189274522244,PIT
315968692.10963696,00000000-0000-0000-0000-000000017836,OTHERS,2250.24854384221,784.4474528639998,PIT
315968692.20969826,00000000-0000-0000-0000-000000017836,OTHERS,2249.4801789919998,783.8004092209227,PIT
315968692.30405146,00000000-0000-0000-0000-000000017836,OTHERS,2248.853584228457,783.0720150700398,PIT
315968692.4083887,00000000-0000-0000-0000-000000017836,OTHERS,2248.01317909528,782.2866759960895,PIT
315968692.5054606,00000000-0000-0000-0000-000000017836,OTHERS,2247.2155953207125,781.5288394364493,PIT
315968692.612321,00000000-0000-0000-0000-000000017836,OTHERS,2246.398383810229,780.8243787249496,PIT
315968692.70680875,00000000-0000-0000-0000-000000017836,OTHERS,2245.456107740578,780.0043109572803,PIT
315968692.8148289,00000000-0000-0000-0000-000000017836,OTHERS,2244.8061159112617,779.31337607857,PIT
315968692.89802617,00000000-0000-0000-0000-000000017836,OTHERS,2243.7518914176026,778.6898964621557,PIT
315968693.0101041,00000000-0000-0000-0000-000000017836,OTHERS,2242.903226097189,777.9550911729117,PIT
315968693.1150208,00000000-0000-0000-0000-000000017836,OTHERS,2242.1419665687667,777.2429144649091,PIT
315968693.20650256,00000000-0000-0000-0000-000000017836,OTHERS,2241.0033614283197,776.4692211130041,PIT
315968691.72530216,00000000-0000-0000-0000-000000017842,OTHERS,2217.725998238964,749.498577058199,PIT
315968691.8193815,00000000-0000-0000-0000-000000017842,OTHERS,2219.006312855715,750.4584580523268,PIT
315968691.92038083,00000000-0000-0000-0000-000000017842,OTHERS,2220.1812765279565,751.5235480637888,PIT
315968692.0143169,00000000-0000-0000-0000-000000017842,OTHERS,2221.5576590849,752.6526924180424,PIT
315968692.10963696,00000000-0000-0000-0000-000000017842,OTHERS,2222.5766881045006,753.563444149481,PIT
315968692.20969826,00000000-0000-0000-0000-000000017842,OTHERS,2223.976021202638,754.6383555573807,PIT
315968692.30405146,00000000-0000-0000-0000-000000017842,OTHERS,2225.2983643202,755.8184406120074,PIT
315968692.4083887,00000000-0000-0000-0000-000000017842,OTHERS,2226.648560966708,756.9735976186365,PIT
315968692.5054606,00000000-0000-0000-0000-000000017842,OTHERS,2227.92979083882,758.0611299219565,PIT
315968692.612321,00000000-0000-0000-0000-000000017842,OTHERS,2229.239838299376,759.1605062719391,PIT
315968692.70680875,00000000-0000-0000-0000-000000017842,OTHERS,2230.48425703732,760.1497626095253,PIT
315968692.8148289,00000000-0000-0000-0000-000000017842,OTHERS,2231.749951987029,761.2281309070395,PIT
315968692.89802617,00000000-0000-0000-0000-000000017842,OTHERS,2233.173890642107,762.4328608895537,PIT
315968693.0101041,00000000-0000-0000-0000-000000017842,OTHERS,2234.3582813123253,763.417543262449,PIT
315968693.1150208,00000000-0000-0000-0000-000000017842,OTHERS,2235.6303538252105,764.5276025615448,PIT
315968693.20650256,00000000-0000-0000-0000-000000017842,OTHERS,2236.808576077664,765.4192265572334,PIT
315968692.0143169,00000000-0000-0000-0000-000000017846,OTHERS,2280.960661651498,806.1659788264218,PIT
315968692.10963696,00000000-0000-0000-0000-000000017846,OTHERS,2281.526587676845,807.09420568877,PIT
315968692.20969826,00000000-0000-0000-0000-000000017846,OTHERS,2282.320113013261,807.6118103362985,PIT
315968692.30405146,00000000-0000-0000-0000-000000017846,OTHERS,2283.2073302776794,808.3268676882162,PIT
315968692.4083887,00000000-0000-0000-0000-000000017846,OTHERS,2283.207330277701,808.3268676882919,PIT
315968692.5054606,00000000-0000-0000-0000-000000017846,OTHERS,2284.680084180829,809.6866438870899,PIT
315968692.612321,00000000-0000-0000-0000-000000017846,OTHERS,2285.519803340201,810.3516689207619,PIT
315968692.70680875,00000000-0000-0000-0000-000000017846,OTHERS,2286.4096294837755,810.8751055244397,PIT
315968692.8148289,00000000-0000-0000-0000-000000017846,OTHERS,2287.29126343834,811.4653878735222,PIT
315968692.89802617,00000000-0000-0000-0000-000000017846,OTHERS,2288.1439105170416,812.132178102817,PIT
315968693.0101041,00000000-0000-0000-0000-000000017846,OTHERS,2288.982741049487,812.8040744596402,PIT
315968693.1150208,00000000-0000-0000-0000-000000017846,OTHERS,2289.7679588822634,813.6097710098061,PIT
315968693.20650256,00000000-0000-0000-0000-000000017846,OTHERS,2290.724288640334,814.1367943924988,PIT
